co_ref,total_cc_calls,last_cc_call,cutoff_date,days_since_last_cc_call,cc_calls_last_7,cc_calls_last_30,total_complaints,customer_issues,financial_issues,pricing_mentions,avg_cc_sentiment,repeat_call_ratio,high_call_volume
AB1212,1,2025-01-12,2025-10-26,287,0.0,0.0,0.0,0.0,0.0,0.0,70.0,0.0,0
AB2997,1,2025-02-04,2025-09-25,233,0.0,0.0,0.0,0.0,0.0,0.0,80.0,0.0,0
AC3520,2,2025-05-11,2025-07-18,68,0.0,0.0,0.0,0.0,0.0,0.0,90.0,0.0,0
AC3520,2,2025-05-11,2026-07-18,433,0.0,0.0,0.0,0.0,0.0,0.0,90.0,0.0,0
AC5613,1,2025-10-02,2025-11-28,57,0.0,0.0,0.0,0.0,0.0,0.0,80.0,0.0,0
AC5722,6,2025-11-02,2025-11-19,17,0.0,2.0,0.0,0.0,0.0,0.0,90.0,0.0,1
AC5722,6,2025-11-02,2026-11-19,382,0.0,2.0,0.0,0.0,0.0,0.0,90.0,0.0,1
AD0243,1,2025-11-11,2026-08-18,280,0.0,0.0,0.0,0.0,0.0,0.0,80.0,0.0,0
AD0668,4,2024-12-12,2025-08-22,253,0.0,0.0,0.0,0.0,0.0,0.0,85.0,0.0,1
AD0668,4,2024-12-12,2026-08-22,618,0.0,0.0,0.0,0.0,0.0,0.0,85.0,0.0,1
AD2371,1,2025-07-01,2025-07-29,28,0.0,1.0,0.0,0.0,0.0,0.0,0.0,0.0,0
AD3672,3,2024-04-11,2026-11-17,950,0.0,0.0,0.0,0.0,0.0,0.0,80.0,0.0,0
AD3672,3,2024-04-11,2025-11-17,585,0.0,0.0,0.0,0.0,0.0,0.0,80.0,0.0,0
AD3672,3,2024-04-11,2024-11-17,220,0.0,0.0,0.0,0.0,0.0,0.0,80.0,0.0,0
AD4863,1,2025-06-10,2025-08-27,78,0.0,0.0,0.0,0.0,0.0,0.0,90.0,0.0,0
AE4321,1,2025-08-09,2025-10-27,79,0.0,0.0,0.0,0.0,0.0,0.0,0.0,0.0,0
AE5853,3,2025-03-04,2025-09-27,207,0.0,0.0,0.0,0.0,0.0,0.0,50.0,0.0,0
AF3897,2,2024-04-12,2025-07-24,468,0.0,0.0,0.0,0.0,0.0,0.0,80.0,0.0,0
AF3897,2,2024-04-12,2024-07-24,103,0.0,0.0,0.0,0.0,0.0,0.0,80.0,0.0,0
AF5367,1,2025-12-12,2026-04-20,129,0.0,0.0,0.0,0.0,0.0,0.0,20.0,0.0,0
AF9548,3,2025-06-11,2025-11-22,164,0.0,0.0,0.0,0.0,0.0,0.0,60.0,0.0,0
AF9548,3,2025-06-11,2024-11-22,-201,0.0,0.0,0.0,0.0,0.0,0.0,60.0,0.0,0
AG0573,1,2025-01-04,2025-05-27,143,0.0,0.0,0.0,0.0,0.0,0.0,90.0,0.0,0
AG3199,2,2025-01-10,2025-11-19,313,0.0,0.0,0.0,0.0,0.0,0.0,50.0,0.0,0
AG3199,2,2025-01-10,2026-11-19,678,0.0,0.0,0.0,0.0,0.0,0.0,50.0,0.0,0
AG4875,1,2025-01-09,2025-05-28,139,0.0,0.0,0.0,0.0,0.0,0.0,90.0,0.0,0
AG6731,1,2025-01-04,2025-05-28,144,0.0,0.0,0.0,0.0,0.0,0.0,85.0,0.0,0
AG6811,3,2024-04-11,2026-05-19,768,0.0,0.0,0.0,0.0,0.0,0.0,90.0,0.0,0
AG6811,3,2024-04-11,2025-05-19,403,0.0,0.0,0.0,0.0,0.0,0.0,90.0,0.0,0
AG6811,3,2024-04-11,2024-05-19,38,0.0,0.0,0.0,0.0,0.0,0.0,90.0,0.0,0
AG8779,1,2024-08-11,2025-07-26,349,0.0,0.0,0.0,0.0,0.0,0.0,80.0,0.0,0
AG9655,2,2024-11-12,2024-12-26,44,0.0,0.0,0.0,0.0,0.0,0.0,80.0,0.0,0
AH5662,1,2026-06-01,2026-10-19,140,0.0,0.0,0.0,0.0,0.0,0.0,0.0,0.0,0
AH6048,3,2025-10-12,2026-09-17,340,0.0,0.0,0.0,0.0,0.0,0.0,56.666666666666664,0.0,0
AH9688,2,2024-05-11,2024-05-28,17,0.0,1.0,0.0,0.0,0.0,0.0,80.0,0.0,0
AH9688,2,2024-05-11,2025-05-28,382,0.0,1.0,0.0,0.0,0.0,0.0,80.0,0.0,0
AH9811,1,2025-07-08,2025-11-25,140,0.0,0.0,0.0,0.0,0.0,0.0,85.0,0.0,0
AI6242,1,2025-08-05,2025-08-29,24,0.0,1.0,0.0,0.0,0.0,0.0,80.0,0.0,0
AJ2006,1,2025-01-10,2025-02-24,45,0.0,0.0,0.0,0.0,0.0,0.0,80.0,0.0,0
AJ2669,3,2025-02-10,2025-11-24,287,0.0,0.0,0.0,0.0,0.0,0.0,26.666666666666668,0.0,0
AJ2669,3,2025-02-10,2024-11-24,-78,0.0,0.0,0.0,0.0,0.0,0.0,26.666666666666668,0.0,0
AK6415,2,2025-03-06,2025-03-26,20,0.0,1.0,0.0,0.0,0.0,0.0,65.0,0.0,0
AK9167,4,2025-10-12,2026-10-18,371,1.0,1.0,0.0,0.0,0.0,0.0,90.0,0.2,1
AK9167,4,2025-10-12,2025-10-18,6,1.0,1.0,0.0,0.0,0.0,0.0,90.0,0.2,1
AK9792,4,2025-03-03,2026-03-20,382,0.0,1.0,0.0,0.0,0.0,0.0,75.0,0.0,1
AK9792,4,2025-03-03,2025-03-20,17,0.0,1.0,0.0,0.0,0.0,0.0,75.0,0.0,1
AK9929,1,2025-03-02,2025-03-27,25,0.0,1.0,0.0,0.0,0.0,0.0,80.0,0.0,0
AL6603,1,2025-11-06,2025-11-22,16,0.0,1.0,0.0,0.0,0.0,0.0,60.0,0.0,0
AL9439,1,2025-10-02,2026-01-22,112,0.0,0.0,0.0,0.0,0.0,0.0,80.0,0.0,0
AM1583,1,2024-10-12,2025-03-28,167,0.0,0.0,0.0,0.0,0.0,0.0,90.0,0.0,0
AM6004,1,2025-11-03,2026-10-20,351,0.0,0.0,0.0,0.0,0.0,0.0,80.0,0.0,0
AM6401,2,2024-02-12,2025-08-27,562,0.0,0.0,0.0,0.0,0.0,0.0,80.0,0.0,0
AM6401,2,2024-02-12,2024-08-27,197,0.0,0.0,0.0,0.0,0.0,0.0,80.0,0.0,0
AM6725,1,2024-05-11,2024-12-24,227,0.0,0.0,0.0,0.0,0.0,0.0,80.0,0.0,0
AN2766,1,2025-02-07,2025-05-29,111,0.0,0.0,0.0,0.0,0.0,0.0,85.0,0.0,0
AN7102,6,2024-05-12,2025-08-20,465,0.0,0.0,0.0,0.0,0.0,0.0,85.0,0.0,1
AN7102,6,2024-05-12,2026-08-20,830,0.0,0.0,0.0,0.0,0.0,0.0,85.0,0.0,1
AN7102,6,2024-05-12,2024-08-20,100,0.0,0.0,0.0,0.0,0.0,0.0,85.0,0.0,1
AN7937,1,2025-09-07,2025-09-23,16,0.0,1.0,0.0,0.0,0.0,0.0,90.0,0.0,0
AO1983,1,2025-01-12,2025-04-27,105,0.0,0.0,0.0,0.0,0.0,0.0,80.0,0.0,0
AP7473,1,2025-11-07,2025-11-23,16,0.0,1.0,0.0,0.0,0.0,0.0,0.0,0.0,0
AS5159,1,2024-04-12,2025-08-26,501,0.0,0.0,0.0,0.0,0.0,0.0,80.0,0.0,0
AS7997,1,2025-02-04,2025-05-26,111,0.0,0.0,0.0,0.0,0.0,0.0,90.0,0.0,0
AS9879,9,2025-11-11,2025-10-20,-22,0.0,0.0,0.0,0.0,0.0,0.0,86.11111111111111,0.0,1
AS9879,9,2025-11-11,2026-10-20,343,0.0,0.0,0.0,0.0,0.0,0.0,86.11111111111111,0.0,1
AS9879,9,2025-11-11,2024-10-20,-387,0.0,0.0,0.0,0.0,0.0,0.0,86.11111111111111,0.0,1
AT0197,1,2025-04-11,2025-05-28,47,0.0,0.0,0.0,0.0,0.0,0.0,80.0,0.0,0
AT9943,2,2025-09-06,2025-11-23,78,0.0,0.0,0.0,0.0,0.0,0.0,25.0,0.0,0
AV9662,3,2026-06-01,2025-10-20,-224,0.0,0.0,0.0,0.0,0.0,0.0,90.0,0.0,0
AV9662,3,2026-06-01,2026-10-20,141,0.0,0.0,0.0,0.0,0.0,0.0,90.0,0.0,0
AW1551,1,2025-02-04,2025-09-27,235,0.0,0.0,0.0,0.0,0.0,0.0,90.0,0.0,0
AW3140,1,2025-08-12,2026-07-18,340,0.0,0.0,0.0,0.0,0.0,0.0,80.0,0.0,0
AW7455,1,2025-01-05,2025-05-28,143,0.0,0.0,0.0,0.0,0.0,0.0,90.0,0.0,0
AW8721,1,2025-01-04,2025-07-21,198,0.0,0.0,0.0,0.0,0.0,0.0,90.0,0.0,0
AW9294,3,2026-07-01,2025-08-20,-315,0.0,0.0,0.0,0.0,0.0,0.0,76.66666666666667,0.0,0
AW9294,3,2026-07-01,2026-08-20,50,0.0,0.0,0.0,0.0,0.0,0.0,76.66666666666667,0.0,0
AX0140,3,2025-07-10,2025-09-26,78,0.0,0.0,0.0,0.0,0.0,0.0,58.333333333333336,0.0,0
AX0272,2,2025-11-11,2025-11-20,9,0.0,1.0,0.0,0.0,0.0,0.0,50.0,0.0,0
AX0272,2,2025-11-11,2026-11-20,374,0.0,1.0,0.0,0.0,0.0,0.0,50.0,0.0,0
AX0523,2,2024-10-12,2025-02-25,136,0.0,0.0,0.0,0.0,0.0,0.0,0.0,0.0,0
AX5713,1,2024-11-11,2025-07-29,260,0.0,0.0,0.0,0.0,0.0,0.0,40.0,0.0,0
AX8636,3,2025-12-12,2025-10-18,-55,0.0,0.0,0.0,0.0,0.0,0.0,86.66666666666667,0.0,0
AX8636,3,2025-12-12,2026-10-18,310,0.0,0.0,0.0,0.0,0.0,0.0,86.66666666666667,0.0,0
AY3176,3,2025-05-02,2025-09-19,140,0.0,0.0,0.0,0.0,0.0,0.0,30.0,0.0,0
AY3176,3,2025-05-02,2024-09-19,-225,0.0,0.0,0.0,0.0,0.0,0.0,30.0,0.0,0
AZ0370,2,2025-09-01,2026-09-18,382,0.0,1.0,0.0,0.0,0.0,0.0,70.0,0.0,0
AZ0370,2,2025-09-01,2025-09-18,17,0.0,1.0,0.0,0.0,0.0,0.0,70.0,0.0,0
AZ0826,1,2025-10-10,2025-12-21,72,0.0,0.0,0.0,0.0,0.0,0.0,70.0,0.0,0
AZ1521,1,2025-11-12,2025-11-26,14,0.0,1.0,0.0,0.0,0.0,0.0,80.0,0.0,0
AZ8674,1,2025-11-04,2026-09-21,321,0.0,0.0,0.0,0.0,0.0,0.0,40.0,0.0,0
AZ9091,1,2025-02-12,2025-02-24,12,0.0,1.0,0.0,0.0,0.0,0.0,80.0,0.0,0
BA1207,3,2024-07-11,2025-08-20,405,0.0,0.0,0.0,0.0,0.0,0.0,0.0,0.0,0
BA1207,3,2024-07-11,2026-08-20,770,0.0,0.0,0.0,0.0,0.0,0.0,0.0,0.0,0
BA1207,3,2024-07-11,2024-08-20,40,0.0,0.0,0.0,0.0,0.0,0.0,0.0,0.0,0
BA5272,1,2025-05-03,2025-09-24,144,0.0,0.0,0.0,0.0,0.0,0.0,90.0,0.0,0
BA7176,1,2024-09-12,2025-06-28,289,0.0,0.0,0.0,0.0,0.0,0.0,90.0,0.0,0
BB4494,3,2024-02-12,2025-06-17,491,0.0,0.0,0.0,0.0,0.0,0.0,85.0,0.0,0
BB4494,3,2024-02-12,2026-06-17,856,0.0,0.0,0.0,0.0,0.0,0.0,85.0,0.0,0
BB4494,3,2024-02-12,2024-06-17,126,0.0,0.0,0.0,0.0,0.0,0.0,85.0,0.0,0
BB7533,1,2025-06-05,2025-09-24,111,0.0,0.0,0.0,0.0,0.0,0.0,90.0,0.0,0
BC1024,1,2025-03-09,2025-06-25,108,0.0,0.0,0.0,0.0,0.0,0.0,85.0,0.0,0
BC2085,2,2024-09-12,2025-09-22,375,0.0,1.0,0.0,0.0,0.0,0.0,90.0,0.0,0
BC2085,2,2024-09-12,2024-09-22,10,0.0,1.0,0.0,0.0,0.0,0.0,90.0,0.0,0
BC2811,1,2024-03-12,2025-02-19,344,0.0,0.0,0.0,0.0,0.0,0.0,0.0,0.0,0
BC7033,2,2025-07-11,2026-03-21,253,0.0,0.0,0.0,0.0,0.0,0.0,85.0,0.0,0
BC7177,2,2024-05-11,2025-05-27,381,0.0,1.0,0.0,0.0,0.0,0.0,80.0,0.0,0
BC7177,2,2024-05-11,2024-05-27,16,0.0,1.0,0.0,0.0,0.0,0.0,80.0,0.0,0
BD0949,1,2025-07-02,2025-11-26,147,0.0,0.0,0.0,0.0,0.0,0.0,40.0,0.0,0
BD1075,3,2024-04-11,2025-09-17,524,0.0,0.0,0.0,0.0,0.0,0.0,90.0,0.0,0
BD1075,3,2024-04-11,2026-09-17,889,0.0,0.0,0.0,0.0,0.0,0.0,90.0,0.0,0
BD1075,3,2024-04-11,2024-09-17,159,0.0,0.0,0.0,0.0,0.0,0.0,90.0,0.0,0
BD2509,2,2024-06-11,2025-08-25,440,0.0,0.0,0.0,0.0,0.0,0.0,90.0,0.0,0
BD2509,2,2024-06-11,2024-08-25,75,0.0,0.0,0.0,0.0,0.0,0.0,90.0,0.0,0
BD2744,1,2025-01-12,2025-01-27,15,0.0,1.0,0.0,0.0,0.0,0.0,90.0,0.0,0
BE7088,4,2025-11-11,2025-06-19,-145,0.0,0.0,0.0,0.0,0.0,0.0,90.0,0.0,1
BE7088,4,2025-11-11,2026-06-19,220,0.0,0.0,0.0,0.0,0.0,0.0,90.0,0.0,1
BE7088,4,2025-11-11,2024-06-19,-510,0.0,0.0,0.0,0.0,0.0,0.0,90.0,0.0,1
BF7992,2,2024-11-11,2025-01-26,76,0.0,0.0,0.0,0.0,0.0,0.0,40.0,0.0,0
BF9277,1,2025-02-04,2025-11-27,296,0.0,0.0,0.0,0.0,0.0,0.0,90.0,0.0,0
BG3242,2,2024-10-12,2025-11-25,409,0.0,0.0,0.0,0.0,0.0,0.0,70.0,0.0,0
BG3242,2,2024-10-12,2024-11-25,44,0.0,0.0,0.0,0.0,0.0,0.0,70.0,0.0,0
BG3995,1,2024-06-11,2025-02-25,259,0.0,0.0,0.0,0.0,0.0,0.0,80.0,0.0,0
BH3490,5,2025-12-11,2026-07-19,220,0.0,0.0,0.0,0.0,0.0,0.0,52.0,0.0,1
BH3490,5,2025-12-11,2025-07-19,-145,0.0,0.0,0.0,0.0,0.0,0.0,52.0,0.0,1
BH4811,2,2025-02-01,2025-03-19,46,0.0,0.0,0.0,0.0,0.0,0.0,90.0,0.0,0
BH4811,2,2025-02-01,2026-03-19,411,0.0,0.0,0.0,0.0,0.0,0.0,90.0,0.0,0
BI5690,1,2025-10-03,2025-10-27,24,0.0,1.0,0.0,0.0,0.0,0.0,80.0,0.0,0
BJ1330,5,2025-06-10,2025-06-17,7,1.0,1.0,0.0,0.0,0.0,0.0,54.0,0.16666666666666666,1
BJ1330,5,2025-06-10,2026-06-17,372,1.0,1.0,0.0,0.0,0.0,0.0,54.0,0.16666666666666666,1
BJ1330,5,2025-06-10,2024-06-17,-358,1.0,1.0,0.0,0.0,0.0,0.0,54.0,0.16666666666666666,1
BK1105,1,2025-09-12,2025-10-29,47,0.0,0.0,0.0,0.0,0.0,0.0,80.0,0.0,0
BK3473,1,2024-08-11,2025-05-28,290,0.0,0.0,0.0,0.0,0.0,0.0,80.0,0.0,0
BL2446,4,2025-05-03,2025-06-20,48,0.0,0.0,0.0,0.0,0.0,0.0,80.0,0.0,1
BL2446,4,2025-05-03,2026-06-20,413,0.0,0.0,0.0,0.0,0.0,0.0,80.0,0.0,1
BL8276,1,2025-10-07,2025-10-26,19,0.0,1.0,0.0,0.0,0.0,0.0,85.0,0.0,0
BM2162,3,2026-05-01,2025-10-18,-195,0.0,0.0,0.0,0.0,0.0,0.0,90.0,0.0,0
BM2162,3,2026-05-01,2026-10-18,170,0.0,0.0,0.0,0.0,0.0,0.0,90.0,0.0,0
BM3719,1,2025-05-02,2025-05-27,25,0.0,1.0,0.0,0.0,0.0,0.0,80.0,0.0,0
BM6675,1,2025-05-02,2025-12-20,232,0.0,0.0,0.0,0.0,0.0,0.0,50.0,0.0,0
BM8662,1,2024-03-12,2025-01-28,322,0.0,0.0,0.0,0.0,0.0,0.0,90.0,0.0,0
BN3398,1,2025-12-12,2026-07-19,219,0.0,0.0,0.0,0.0,0.0,0.0,80.0,0.0,0
BN5196,2,2025-08-09,2025-10-26,78,0.0,0.0,0.0,0.0,0.0,0.0,85.0,0.0,0
BN5545,4,2025-08-12,2025-10-22,71,0.0,0.0,0.0,0.0,0.0,0.0,90.0,0.0,1
BN5545,4,2025-08-12,2026-10-22,436,0.0,0.0,0.0,0.0,0.0,0.0,90.0,0.0,1
BN7908,2,2025-10-11,2025-11-18,38,0.0,0.0,0.0,0.0,0.0,0.0,80.0,0.0,0
BN7908,2,2025-10-11,2026-11-18,403,0.0,0.0,0.0,0.0,0.0,0.0,80.0,0.0,0
BN8330,4,2025-04-12,2026-07-18,462,0.0,0.0,0.0,0.0,0.0,0.0,80.0,0.0,1
BN8330,4,2025-04-12,2025-07-18,97,0.0,0.0,0.0,0.0,0.0,0.0,80.0,0.0,1
BO1554,3,2024-10-12,2025-10-21,374,0.0,1.0,0.0,0.0,0.0,0.0,70.0,0.0,0
BO1554,3,2024-10-12,2026-10-21,739,0.0,1.0,0.0,0.0,0.0,0.0,70.0,0.0,0
BO1554,3,2024-10-12,2024-10-21,9,0.0,1.0,0.0,0.0,0.0,0.0,70.0,0.0,0
BO4069,1,2025-07-11,2025-10-27,108,0.0,0.0,0.0,0.0,0.0,0.0,90.0,0.0,0
BO5363,2,2025-10-12,2025-10-29,17,0.0,1.0,0.0,0.0,0.0,0.0,87.5,0.0,0
BO9677,3,2024-03-12,2025-05-19,433,0.0,0.0,0.0,0.0,0.0,0.0,0.0,0.0,0
BO9677,3,2024-03-12,2026-05-19,798,0.0,0.0,0.0,0.0,0.0,0.0,0.0,0.0,0
BO9677,3,2024-03-12,2024-05-19,68,0.0,0.0,0.0,0.0,0.0,0.0,0.0,0.0,0
BP0148,3,2025-12-11,2025-08-19,-114,0.0,0.0,0.0,0.0,0.0,0.0,83.33333333333333,0.0,0
BP0148,3,2025-12-11,2026-08-19,251,0.0,0.0,0.0,0.0,0.0,0.0,83.33333333333333,0.0,0
BQ0014,1,2025-10-09,2025-11-26,48,0.0,0.0,0.0,0.0,0.0,0.0,80.0,0.0,0
BQ9416,1,2024-11-11,2025-05-26,196,0.0,0.0,0.0,0.0,0.0,0.0,70.0,0.0,0
BR3113,2,2025-04-03,2025-09-19,169,0.0,0.0,0.0,0.0,0.0,0.0,90.0,0.0,0
BR3113,2,2025-04-03,2026-09-19,534,0.0,0.0,0.0,0.0,0.0,0.0,90.0,0.0,0
BR5065,3,2025-12-11,2026-09-19,282,0.0,0.0,0.0,0.0,0.0,0.0,91.66666666666667,0.0,0
BR7059,1,2024-11-11,2024-12-27,46,0.0,0.0,0.0,0.0,0.0,0.0,80.0,0.0,0
BS2328,1,2024-03-12,2024-12-28,291,0.0,0.0,0.0,0.0,0.0,0.0,90.0,0.0,0
BS2874,2,2025-07-04,2025-07-22,18,0.0,1.0,0.0,0.0,0.0,0.0,90.0,0.0,0
BS2874,2,2025-07-04,2026-07-22,383,0.0,1.0,0.0,0.0,0.0,0.0,90.0,0.0,0
BT6068,1,2025-03-03,2025-05-23,81,0.0,0.0,0.0,0.0,0.0,0.0,0.0,0.0,0
BU0216,6,2024-04-11,2025-06-19,434,0.0,0.0,0.0,0.0,0.0,0.0,82.5,0.0,1
BU0216,6,2024-04-11,2026-06-19,799,0.0,0.0,0.0,0.0,0.0,0.0,82.5,0.0,1
BU0216,6,2024-04-11,2024-06-19,69,0.0,0.0,0.0,0.0,0.0,0.0,82.5,0.0,1
BU2402,2,2025-12-03,2025-12-21,18,0.0,1.0,0.0,0.0,0.0,0.0,82.5,0.0,0
BU2833,1,2025-04-02,2025-08-25,145,0.0,0.0,0.0,0.0,0.0,0.0,90.0,0.0,0
BV5226,2,2025-09-04,2025-10-21,47,0.0,0.0,0.0,0.0,0.0,0.0,90.0,0.0,0
BV5226,2,2025-09-04,2026-10-21,412,0.0,0.0,0.0,0.0,0.0,0.0,90.0,0.0,0
BV9927,1,2024-05-11,2024-12-25,228,0.0,0.0,0.0,0.0,0.0,0.0,80.0,0.0,0
BW2680,1,2025-01-12,2025-01-29,17,0.0,1.0,0.0,0.0,0.0,0.0,85.0,0.0,0
BW2926,1,2025-04-08,2025-05-25,47,0.0,0.0,0.0,0.0,0.0,0.0,100.0,0.0,0
BW7853,3,2025-08-01,2026-06-19,322,0.0,0.0,0.0,0.0,0.0,0.0,90.66666666666667,0.0,0
BW8786,1,2025-06-05,2026-05-22,351,0.0,0.0,0.0,0.0,0.0,0.0,90.0,0.0,0
BX0353,4,2025-02-07,2025-04-26,78,0.0,0.0,0.0,0.0,0.0,0.0,17.5,0.0,1
BX2589,3,2025-08-10,2025-10-28,79,0.0,0.0,0.0,0.0,0.0,0.0,76.66666666666667,0.0,0
BX3747,2,2025-10-02,2025-11-18,47,0.0,0.0,0.0,0.0,0.0,0.0,80.0,0.0,0
BX3747,2,2025-10-02,2026-11-18,412,0.0,0.0,0.0,0.0,0.0,0.0,80.0,0.0,0
BY0093,1,2025-11-09,2025-11-26,17,0.0,1.0,0.0,0.0,0.0,0.0,85.0,0.0,0
BY3785,3,2024-04-12,2026-08-19,859,0.0,0.0,0.0,0.0,0.0,0.0,80.0,0.0,0
BY3785,3,2024-04-12,2025-08-19,494,0.0,0.0,0.0,0.0,0.0,0.0,80.0,0.0,0
BY3785,3,2024-04-12,2024-08-19,129,0.0,0.0,0.0,0.0,0.0,0.0,80.0,0.0,0
BY4157,1,2025-07-11,2026-03-22,254,0.0,0.0,0.0,0.0,0.0,0.0,100.0,0.0,0
BY5796,2,2025-02-12,2025-02-23,11,0.0,1.0,0.0,0.0,0.0,0.0,0.0,0.0,0
BY6069,2,2025-06-11,2025-08-28,78,0.0,0.0,0.0,0.0,0.0,0.0,45.0,0.0,0
BZ0132,4,2025-12-02,2026-06-18,198,0.0,0.0,0.0,0.0,0.0,0.0,57.5,0.0,1
BZ8736,2,2024-12-12,2025-01-28,47,0.0,0.0,0.0,0.0,0.0,0.0,90.0,0.0,0
CA1226,1,2025-05-06,2025-06-26,51,0.0,0.0,0.0,0.0,0.0,0.0,70.0,0.0,0
CA6995,2,2025-02-07,2025-09-25,230,0.0,0.0,0.0,0.0,0.0,0.0,80.0,0.0,0
CA9343,1,2024-11-11,2025-02-20,101,0.0,0.0,0.0,0.0,0.0,0.0,0.0,0.0,0
CB0535,1,2025-04-11,2025-09-26,168,0.0,0.0,0.0,0.0,0.0,0.0,70.0,0.0,0
CC8266,1,2025-01-07,2025-06-26,170,0.0,0.0,0.0,0.0,0.0,0.0,80.0,0.0,0
CC8802,4,2025-06-10,2025-08-22,73,0.0,0.0,0.0,0.0,0.0,0.0,65.0,0.0,1
CC8802,4,2025-06-10,2026-08-22,438,0.0,0.0,0.0,0.0,0.0,0.0,65.0,0.0,1
CD5557,2,2025-06-03,2025-07-23,50,0.0,0.0,0.0,0.0,0.0,0.0,87.5,0.0,0
CE1621,1,2025-02-10,2025-05-28,107,0.0,0.0,0.0,0.0,0.0,0.0,65.0,0.0,0
CF5724,2,2024-01-11,2025-01-24,379,0.0,1.0,0.0,0.0,0.0,0.0,80.0,0.0,0
CF5724,2,2024-01-11,2024-01-24,13,0.0,1.0,0.0,0.0,0.0,0.0,80.0,0.0,0
CF8964,2,2025-03-10,2025-07-20,132,0.0,0.0,0.0,0.0,0.0,0.0,80.0,0.0,0
CF8964,2,2025-03-10,2026-07-20,497,0.0,0.0,0.0,0.0,0.0,0.0,80.0,0.0,0
CG2311,2,2024-10-12,2025-01-20,100,0.0,0.0,0.0,0.0,0.0,0.0,80.0,0.0,0
CG2311,2,2024-10-12,2026-01-20,465,0.0,0.0,0.0,0.0,0.0,0.0,80.0,0.0,0
CG5574,3,2024-04-12,2025-10-20,556,0.0,0.0,0.0,0.0,0.0,0.0,85.0,0.0,0
CG5574,3,2024-04-12,2026-10-20,921,0.0,0.0,0.0,0.0,0.0,0.0,85.0,0.0,0
CG5574,3,2024-04-12,2024-10-20,191,0.0,0.0,0.0,0.0,0.0,0.0,85.0,0.0,0
CH0790,2,2025-05-03,2025-07-22,80,0.0,0.0,0.0,0.0,0.0,0.0,80.0,0.0,0
CH0790,2,2025-05-03,2026-07-22,445,0.0,0.0,0.0,0.0,0.0,0.0,80.0,0.0,0
CH3344,2,2024-03-12,2025-04-25,409,0.0,0.0,0.0,0.0,0.0,0.0,80.0,0.0,0
CH3344,2,2024-03-12,2024-04-25,44,0.0,0.0,0.0,0.0,0.0,0.0,80.0,0.0,0
CH5659,4,2025-08-07,2025-11-25,110,0.0,0.0,0.0,0.0,0.0,0.0,75.0,0.0,1
CH6417,1,2025-03-11,2025-04-25,45,0.0,0.0,0.0,0.0,0.0,0.0,0.0,0.0,0
CH8668,1,2025-09-12,2026-05-19,249,0.0,0.0,0.0,0.0,0.0,0.0,80.0,0.0,0
CH9143,2,2025-06-10,2025-09-24,106,0.0,0.0,0.0,0.0,0.0,0.0,80.0,0.0,0
CI5849,1,2024-04-12,2025-02-26,320,0.0,0.0,0.0,0.0,0.0,0.0,90.0,0.0,0
CJ1558,1,2024-07-11,2025-05-26,319,0.0,0.0,0.0,0.0,0.0,0.0,0.0,0.0,0
CJ5531,7,2025-10-12,2025-11-17,36,0.0,0.0,0.0,0.0,0.0,0.0,45.714285714285715,0.0,1
CJ5531,7,2025-10-12,2026-11-17,401,0.0,0.0,0.0,0.0,0.0,0.0,45.714285714285715,0.0,1
CJ5531,7,2025-10-12,2024-11-17,-329,0.0,0.0,0.0,0.0,0.0,0.0,45.714285714285715,0.0,1
CJ6652,1,2025-11-04,2026-08-22,291,0.0,0.0,0.0,0.0,0.0,0.0,90.0,0.0,0
CJ6666,1,2025-04-03,2025-06-25,83,0.0,0.0,0.0,0.0,0.0,0.0,90.0,0.0,0
CJ7921,1,2025-10-06,2025-11-26,51,0.0,0.0,0.0,0.0,0.0,0.0,80.0,0.0,0
CJ8036,2,2025-03-04,2025-07-25,143,0.0,0.0,0.0,0.0,0.0,0.0,50.0,0.0,0
CK0947,4,2025-03-03,2025-03-20,17,0.0,2.0,0.0,0.0,0.0,0.0,80.0,0.0,1
CK0947,4,2025-03-03,2026-03-20,382,0.0,2.0,0.0,0.0,0.0,0.0,80.0,0.0,1
CK1851,1,2024-05-12,2025-03-19,311,0.0,0.0,0.0,0.0,0.0,0.0,85.0,0.0,0
CK3896,2,2024-06-12,2025-02-16,249,0.0,0.0,0.0,0.0,0.0,0.0,80.0,0.0,0
CK3896,2,2024-06-12,2026-02-16,614,0.0,0.0,0.0,0.0,0.0,0.0,80.0,0.0,0
CK6097,7,2024-09-12,2025-06-18,279,1.0,1.0,0.0,0.0,0.0,0.0,60.0,0.125,1
CK6097,7,2024-09-12,2026-06-18,644,1.0,1.0,0.0,0.0,0.0,0.0,60.0,0.125,1
CK6097,7,2024-09-12,2024-06-18,-86,1.0,1.0,0.0,0.0,0.0,0.0,60.0,0.125,1
CK6153,1,2025-02-09,2025-05-27,107,0.0,0.0,0.0,0.0,0.0,0.0,80.0,0.0,0
CK8782,4,2025-04-12,2026-04-18,371,2.0,2.0,0.0,0.0,0.0,0.0,87.5,0.4,1
CK8782,4,2025-04-12,2025-04-18,6,2.0,2.0,0.0,0.0,0.0,0.0,87.5,0.4,1
CL0216,2,2025-01-10,2025-04-18,98,0.0,0.0,0.0,0.0,0.0,0.0,0.0,0.0,0
CL0216,2,2025-01-10,2026-04-18,463,0.0,0.0,0.0,0.0,0.0,0.0,0.0,0.0,0
CL2155,7,2025-09-10,2025-09-20,10,0.0,1.0,0.0,0.0,0.0,0.0,38.57142857142857,0.0,1
CL2155,7,2025-09-10,2026-09-20,375,0.0,1.0,0.0,0.0,0.0,0.0,38.57142857142857,0.0,1
CL2155,7,2025-09-10,2024-09-20,-355,0.0,1.0,0.0,0.0,0.0,0.0,38.57142857142857,0.0,1
CL4518,2,2025-04-02,2026-06-18,442,0.0,0.0,0.0,0.0,0.0,0.0,90.0,0.0,0
CL4518,2,2025-04-02,2025-06-18,77,0.0,0.0,0.0,0.0,0.0,0.0,90.0,0.0,0
CL6498,2,2024-04-11,2025-10-24,561,0.0,0.0,0.0,0.0,0.0,0.0,90.0,0.0,0
CL6498,2,2024-04-11,2024-10-24,196,0.0,0.0,0.0,0.0,0.0,0.0,90.0,0.0,0
CL6908,1,2025-03-09,2025-09-27,202,0.0,0.0,0.0,0.0,0.0,0.0,80.0,0.0,0
CL7386,3,2025-12-12,2025-06-18,-177,0.0,0.0,0.0,0.0,0.0,0.0,53.333333333333336,0.0,0
CL7386,3,2025-12-12,2026-06-18,188,0.0,0.0,0.0,0.0,0.0,0.0,53.333333333333336,0.0,0
CM1652,1,2025-02-07,2025-04-23,75,0.0,0.0,0.0,0.0,0.0,0.0,90.0,0.0,0
CM3500,1,2025-10-09,2025-10-26,17,0.0,1.0,0.0,0.0,0.0,0.0,80.0,0.0,0
CM4078,5,2025-02-10,2026-09-18,585,0.0,0.0,0.0,0.0,0.0,0.0,72.0,0.0,1
CM4078,5,2025-02-10,2025-09-18,220,0.0,0.0,0.0,0.0,0.0,0.0,72.0,0.0,1
CM4078,5,2025-02-10,2024-09-18,-145,0.0,0.0,0.0,0.0,0.0,0.0,72.0,0.0,1
CM6839,1,2025-04-11,2025-11-23,226,0.0,0.0,0.0,0.0,0.0,0.0,90.0,0.0,0
CM6973,2,2025-06-03,2025-07-29,56,0.0,0.0,0.0,0.0,0.0,0.0,85.0,0.0,0
CN6028,5,2025-08-10,2026-11-18,465,0.0,0.0,0.0,0.0,0.0,0.0,86.0,0.0,1
CN6028,5,2025-08-10,2025-11-18,100,0.0,0.0,0.0,0.0,0.0,0.0,86.0,0.0,1
CN6028,5,2025-08-10,2024-11-18,-265,0.0,0.0,0.0,0.0,0.0,0.0,86.0,0.0,1
CN6267,3,2024-11-11,2025-11-18,372,1.0,1.0,0.0,0.0,0.0,0.0,90.0,0.25,0
CN6267,3,2024-11-11,2026-11-18,737,1.0,1.0,0.0,0.0,0.0,0.0,90.0,0.25,0
CN6267,3,2024-11-11,2024-11-18,7,1.0,1.0,0.0,0.0,0.0,0.0,90.0,0.25,0
CO0386,1,2025-04-11,2025-07-27,107,0.0,0.0,0.0,0.0,0.0,0.0,60.0,0.0,0
CO0781,1,2026-06-01,2026-07-19,48,0.0,0.0,0.0,0.0,0.0,0.0,90.0,0.0,0
CO6677,1,2025-02-06,2025-02-22,16,0.0,1.0,0.0,0.0,0.0,0.0,100.0,0.0,0
CO9306,1,2025-09-12,2026-07-19,310,0.0,0.0,0.0,0.0,0.0,0.0,80.0,0.0,0
CP1006,2,2024-08-11,2025-11-23,469,0.0,0.0,0.0,0.0,0.0,0.0,85.0,0.0,0
CP1006,2,2024-08-11,2024-11-23,104,0.0,0.0,0.0,0.0,0.0,0.0,85.0,0.0,0
CP1059,2,2024-10-12,2025-03-22,161,0.0,0.0,0.0,0.0,0.0,0.0,80.0,0.0,0
CP1059,2,2024-10-12,2026-03-22,526,0.0,0.0,0.0,0.0,0.0,0.0,80.0,0.0,0
CP1104,1,2025-03-07,2025-03-27,20,0.0,1.0,0.0,0.0,0.0,0.0,90.0,0.0,0
CP1106,1,2025-11-12,2026-09-17,309,0.0,0.0,0.0,0.0,0.0,0.0,85.0,0.0,0
CP1127,1,2025-07-01,2025-10-24,115,0.0,0.0,0.0,0.0,0.0,0.0,80.0,0.0,0
CP1189,1,2025-12-02,2026-08-22,263,0.0,0.0,0.0,0.0,0.0,0.0,90.0,0.0,0
CP1195,1,2025-09-10,2026-05-21,253,0.0,0.0,0.0,0.0,0.0,0.0,90.0,0.0,0
CP1213,6,2025-12-12,2025-06-20,-175,0.0,0.0,0.0,0.0,0.0,0.0,90.0,0.0,1
CP1213,6,2025-12-12,2026-06-20,190,0.0,0.0,0.0,0.0,0.0,0.0,90.0,0.0,1
CP1213,6,2025-12-12,2024-06-20,-540,0.0,0.0,0.0,0.0,0.0,0.0,90.0,0.0,1
CP1271,2,2024-02-12,2025-03-25,407,0.0,0.0,0.0,0.0,0.0,0.0,80.0,0.0,0
CP1271,2,2024-02-12,2024-03-25,42,0.0,0.0,0.0,0.0,0.0,0.0,80.0,0.0,0
CP1294,3,2024-12-12,2025-11-23,346,0.0,0.0,0.0,0.0,0.0,0.0,0.0,0.0,0
CP1294,3,2024-12-12,2024-11-23,-19,0.0,0.0,0.0,0.0,0.0,0.0,0.0,0.0,0
CP1295,1,2024-12-12,2025-11-22,345,0.0,0.0,0.0,0.0,0.0,0.0,0.0,0.0,0
CP1407,3,2025-05-11,2026-02-17,282,0.0,0.0,0.0,0.0,0.0,0.0,60.0,0.0,0
CP1431,1,2025-03-10,2025-05-24,75,0.0,0.0,0.0,0.0,0.0,0.0,80.0,0.0,0
CP1436,1,2025-02-05,2025-08-29,205,0.0,0.0,0.0,0.0,0.0,0.0,90.0,0.0,0
CP1449,1,2025-02-05,2025-02-26,21,0.0,1.0,0.0,0.0,0.0,0.0,90.0,0.0,0
CP1461,1,2024-08-11,2024-12-27,138,0.0,0.0,0.0,0.0,0.0,0.0,90.0,0.0,0
CP3011,5,2025-10-11,2025-05-19,-145,1.0,1.0,0.0,0.0,0.0,0.0,80.0,0.16666666666666666,1
CP3011,5,2025-10-11,2026-05-19,220,1.0,1.0,0.0,0.0,0.0,0.0,80.0,0.16666666666666666,1
CP3033,1,2025-01-12,2025-09-23,254,0.0,0.0,0.0,0.0,0.0,0.0,85.0,0.0,0
CP3056,1,2025-05-09,2025-09-26,140,0.0,0.0,0.0,0.0,0.0,0.0,90.0,0.0,0
CP3065,3,2024-05-12,2026-05-19,737,1.0,1.0,0.0,0.0,0.0,0.0,80.0,0.25,0
CP3065,3,2024-05-12,2025-05-19,372,1.0,1.0,0.0,0.0,0.0,0.0,80.0,0.25,0
CP3065,3,2024-05-12,2024-05-19,7,1.0,1.0,0.0,0.0,0.0,0.0,80.0,0.25,0
CP3107,2,2025-03-03,2025-05-29,87,0.0,0.0,0.0,0.0,0.0,0.0,82.5,0.0,0
CP3148,1,2025-09-10,2026-05-19,251,0.0,0.0,0.0,0.0,0.0,0.0,80.0,0.0,0
CP3369,2,2025-03-02,2025-05-20,79,0.0,0.0,0.0,0.0,0.0,0.0,70.0,0.0,0
CP3369,2,2025-03-02,2026-05-20,444,0.0,0.0,0.0,0.0,0.0,0.0,70.0,0.0,0
CP4146,1,2025-07-04,2025-12-22,171,0.0,0.0,0.0,0.0,0.0,0.0,90.0,0.0,0
CP6050,1,2025-03-03,2025-07-25,144,0.0,0.0,0.0,0.0,0.0,0.0,90.0,0.0,0
CP8733,1,2025-03-01,2025-12-21,295,0.0,0.0,0.0,0.0,0.0,0.0,0.0,0.0,0
CQ0778,1,2025-03-09,2025-06-26,109,0.0,0.0,0.0,0.0,0.0,0.0,80.0,0.0,0
CQ1889,1,2025-02-07,2025-05-24,106,0.0,0.0,0.0,0.0,0.0,0.0,90.0,0.0,0
CR0931,1,2025-01-12,2025-11-24,316,0.0,0.0,0.0,0.0,0.0,0.0,60.0,0.0,0
CR1269,1,2025-03-10,2025-05-25,76,0.0,0.0,0.0,0.0,0.0,0.0,90.0,0.0,0
CR7269,1,2025-06-03,2025-06-23,20,0.0,1.0,0.0,0.0,0.0,0.0,50.0,0.0,0
CR7430,1,2024-12-12,2025-09-28,290,0.0,0.0,0.0,0.0,0.0,0.0,90.0,0.0,0
CS0691,1,2025-10-02,2026-01-20,110,0.0,0.0,0.0,0.0,0.0,0.0,90.0,0.0,0
CS1136,1,2025-05-03,2026-04-19,351,0.0,0.0,0.0,0.0,0.0,0.0,90.0,0.0,0
CS1332,2,2025-03-10,2025-03-20,10,0.0,1.0,0.0,0.0,0.0,0.0,0.0,0.0,0
CS1332,2,2025-03-10,2026-03-20,375,0.0,1.0,0.0,0.0,0.0,0.0,0.0,0.0,0
CS5223,1,2025-08-10,2025-08-26,16,0.0,1.0,0.0,0.0,0.0,0.0,95.0,0.0,0
CS8024,1,2025-07-10,2025-08-28,49,0.0,0.0,0.0,0.0,0.0,0.0,90.0,0.0,0
CS9582,3,2025-06-11,2025-07-25,44,0.0,0.0,0.0,0.0,0.0,0.0,46.666666666666664,0.0,0
CT4782,2,2026-06-01,2026-10-22,143,0.0,0.0,0.0,0.0,0.0,0.0,80.0,0.0,0
CT9062,1,2025-01-05,2025-10-23,291,0.0,0.0,0.0,0.0,0.0,0.0,80.0,0.0,0
CT9974,2,2025-02-10,2025-08-18,189,0.0,0.0,0.0,0.0,0.0,0.0,0.0,0.0,0
CT9974,2,2025-02-10,2026-08-18,554,0.0,0.0,0.0,0.0,0.0,0.0,0.0,0.0,0
CU2364,4,2025-05-11,2025-05-22,11,0.0,1.0,0.0,0.0,0.0,0.0,80.0,0.0,1
CU2364,4,2025-05-11,2026-05-22,376,0.0,1.0,0.0,0.0,0.0,0.0,80.0,0.0,1
CU7383,3,2025-04-07,2025-08-26,141,0.0,0.0,0.0,0.0,0.0,0.0,85.0,0.0,0
CU7848,1,2025-06-10,2025-10-23,135,0.0,0.0,0.0,0.0,0.0,0.0,90.0,0.0,0
CV4320,2,2025-11-09,2025-11-25,16,0.0,2.0,0.0,0.0,0.0,0.0,77.5,0.0,0
CV4638,1,2025-10-02,2026-04-21,201,0.0,0.0,0.0,0.0,0.0,0.0,80.0,0.0,0
CV9606,6,2025-07-10,2025-09-27,79,0.0,0.0,0.0,0.0,0.0,0.0,81.66666666666667,0.0,1
CW0904,1,2024-09-12,2025-01-27,137,0.0,0.0,0.0,0.0,0.0,0.0,80.0,0.0,0
CW1245,1,2025-10-12,2025-12-22,71,0.0,0.0,0.0,0.0,0.0,0.0,90.0,0.0,0
CW4820,1,2025-06-08,2025-08-26,79,0.0,0.0,0.0,0.0,0.0,0.0,60.0,0.0,0
CW8415,2,2024-04-12,2025-08-27,502,0.0,0.0,0.0,0.0,0.0,0.0,0.0,0.0,0
CW8415,2,2024-04-12,2024-08-27,137,0.0,0.0,0.0,0.0,0.0,0.0,0.0,0.0,0
CX4868,4,2025-12-11,2025-11-19,-22,0.0,0.0,0.0,0.0,0.0,0.0,60.0,0.0,1
CX4868,4,2025-12-11,2026-11-19,343,0.0,0.0,0.0,0.0,0.0,0.0,60.0,0.0,1
CX4868,4,2025-12-11,2024-11-19,-387,0.0,0.0,0.0,0.0,0.0,0.0,60.0,0.0,1
CX8586,1,2025-01-08,2025-04-24,106,0.0,0.0,0.0,0.0,0.0,0.0,90.0,0.0,0
CY2484,1,2025-03-11,2025-05-28,78,0.0,0.0,0.0,0.0,0.0,0.0,90.0,0.0,0
CY6156,1,2025-09-10,2026-07-18,311,0.0,0.0,0.0,0.0,0.0,0.0,70.0,0.0,0
CY8491,3,2024-02-12,2025-02-18,372,1.0,1.0,0.0,0.0,0.0,0.0,80.0,0.25,0
CY8491,3,2024-02-12,2026-02-18,737,1.0,1.0,0.0,0.0,0.0,0.0,80.0,0.25,0
CY8491,3,2024-02-12,2024-02-19,7,1.0,1.0,0.0,0.0,0.0,0.0,80.0,0.25,0
CY9131,1,2024-11-11,2025-04-26,166,0.0,0.0,0.0,0.0,0.0,0.0,80.0,0.0,0
CZ5620,1,2025-01-04,2025-07-23,200,0.0,0.0,0.0,0.0,0.0,0.0,50.0,0.0,0
CZ7343,2,2025-04-12,2025-05-23,41,0.0,0.0,0.0,0.0,0.0,0.0,80.0,0.0,0
DA1167,3,2025-03-10,2025-06-27,109,0.0,0.0,0.0,0.0,0.0,0.0,83.33333333333333,0.0,0
DA1503,1,2025-03-02,2025-08-26,177,0.0,0.0,0.0,0.0,0.0,0.0,80.0,0.0,0
DA6155,1,2025-11-11,2026-03-20,129,0.0,0.0,0.0,0.0,0.0,0.0,60.0,0.0,0
DA7252,2,2025-07-05,2025-08-25,51,0.0,0.0,0.0,0.0,0.0,0.0,85.0,0.0,0
DB3887,2,2025-07-02,2025-07-22,20,0.0,1.0,0.0,0.0,0.0,0.0,0.0,0.0,0
DB3887,2,2025-07-02,2026-07-22,385,0.0,1.0,0.0,0.0,0.0,0.0,0.0,0.0,0
DB4657,3,2026-06-01,2026-09-18,109,0.0,0.0,0.0,0.0,0.0,0.0,30.0,0.0,0
DB4657,3,2026-06-01,2025-09-18,-256,0.0,0.0,0.0,0.0,0.0,0.0,30.0,0.0,0
DB8427,2,2025-11-12,2026-03-19,127,0.0,0.0,0.0,0.0,0.0,0.0,85.0,0.0,0
DC0871,2,2024-05-12,2025-07-26,440,0.0,0.0,0.0,0.0,0.0,0.0,50.0,0.0,0
DC0871,2,2024-05-12,2024-07-26,75,0.0,0.0,0.0,0.0,0.0,0.0,50.0,0.0,0
DC2124,2,2025-02-05,2025-04-24,78,0.0,0.0,0.0,0.0,0.0,0.0,80.0,0.0,0
DC3293,2,2024-08-11,2025-03-22,223,0.0,0.0,0.0,0.0,0.0,0.0,80.0,0.0,0
DC3293,2,2024-08-11,2026-03-22,588,0.0,0.0,0.0,0.0,0.0,0.0,80.0,0.0,0
DD1272,1,2025-05-06,2025-10-28,175,0.0,0.0,0.0,0.0,0.0,0.0,0.0,0.0,0
DD3430,1,2024-10-12,2025-02-22,133,0.0,0.0,0.0,0.0,0.0,0.0,70.0,0.0,0
DD3777,1,2025-02-07,2025-07-26,169,0.0,0.0,0.0,0.0,0.0,0.0,80.0,0.0,0
DD4883,2,2025-02-12,2025-04-21,68,0.0,0.0,0.0,0.0,0.0,0.0,80.0,0.0,0
DD4883,2,2025-02-12,2026-04-21,433,0.0,0.0,0.0,0.0,0.0,0.0,80.0,0.0,0
DD6167,1,2024-09-12,2025-07-26,317,0.0,0.0,0.0,0.0,0.0,0.0,90.0,0.0,0
DE1664,2,2025-11-12,2025-11-25,13,0.0,1.0,0.0,0.0,0.0,0.0,80.0,0.0,0
DE7294,1,2025-05-02,2025-09-24,145,0.0,0.0,0.0,0.0,0.0,0.0,80.0,0.0,0
DE9886,1,2024-10-12,2025-08-25,317,0.0,0.0,0.0,0.0,0.0,0.0,90.0,0.0,0
DF0392,3,2025-08-10,2025-03-18,-145,0.0,0.0,0.0,0.0,0.0,0.0,78.33333333333333,0.0,0
DF0392,3,2025-08-10,2026-03-18,220,0.0,0.0,0.0,0.0,0.0,0.0,78.33333333333333,0.0,0
DF1454,1,2024-12-12,2025-02-25,75,0.0,0.0,0.0,0.0,0.0,0.0,90.0,0.0,0
DG0200,1,2024-11-11,2025-04-24,164,0.0,0.0,0.0,0.0,0.0,0.0,85.0,0.0,0
DG1593,1,2024-11-11,2025-08-26,288,0.0,0.0,0.0,0.0,0.0,0.0,0.0,0.0,0
DG5394,1,2025-01-10,2025-09-26,259,0.0,0.0,0.0,0.0,0.0,0.0,0.0,0.0,0
DG7415,1,2024-11-11,2025-01-27,77,0.0,0.0,0.0,0.0,0.0,0.0,90.0,0.0,0
DG7832,3,2025-07-11,2025-10-28,109,0.0,0.0,0.0,0.0,0.0,0.0,83.33333333333333,0.0,0
DG9707,1,2025-08-07,2025-11-23,108,0.0,0.0,0.0,0.0,0.0,0.0,70.0,0.0,0
DH4152,1,2025-07-07,2025-08-29,53,0.0,0.0,0.0,0.0,0.0,0.0,0.0,0.0,0
DH5624,1,2024-06-11,2025-03-27,289,0.0,0.0,0.0,0.0,0.0,0.0,40.0,0.0,0
DH8401,4,2025-04-03,2025-08-20,139,0.0,0.0,0.0,0.0,0.0,0.0,40.0,0.0,1
DH8401,4,2025-04-03,2026-08-20,504,0.0,0.0,0.0,0.0,0.0,0.0,40.0,0.0,1
DH8668,1,2025-10-11,2025-11-22,42,0.0,0.0,0.0,0.0,0.0,0.0,0.0,0.0,0
DI0418,1,2025-01-12,2025-08-27,227,0.0,0.0,0.0,0.0,0.0,0.0,0.0,0.0,0
DI0612,2,2024-06-11,2025-03-20,282,0.0,0.0,0.0,0.0,0.0,0.0,80.0,0.0,0
DI0612,2,2024-06-11,2026-03-20,647,0.0,0.0,0.0,0.0,0.0,0.0,80.0,0.0,0
DI1223,4,2025-01-12,2025-09-20,251,0.0,0.0,0.0,0.0,0.0,0.0,85.0,0.0,1
DI1223,4,2025-01-12,2026-09-20,616,0.0,0.0,0.0,0.0,0.0,0.0,85.0,0.0,1
DI2533,2,2025-10-01,2025-10-22,21,0.0,1.0,0.0,0.0,0.0,0.0,90.0,0.0,0
DI2533,2,2025-10-01,2026-10-22,386,0.0,1.0,0.0,0.0,0.0,0.0,90.0,0.0,0
DI3446,1,2025-02-04,2025-02-25,21,0.0,1.0,0.0,0.0,0.0,0.0,80.0,0.0,0
DI4436,1,2025-12-12,2026-02-17,67,0.0,0.0,0.0,0.0,0.0,0.0,80.0,0.0,0
DI6269,4,2025-06-11,2026-06-17,371,1.0,1.0,0.0,0.0,0.0,0.0,45.0,0.2,1
DI6269,4,2025-06-11,2025-06-17,6,1.0,1.0,0.0,0.0,0.0,0.0,45.0,0.2,1
DI9712,2,2025-03-12,2025-08-23,164,0.0,0.0,0.0,0.0,0.0,0.0,85.0,0.0,0
DJ0377,3,2024-01-11,2026-09-17,980,0.0,0.0,0.0,0.0,0.0,0.0,90.0,0.0,0
DJ0377,3,2024-01-11,2025-09-17,615,0.0,0.0,0.0,0.0,0.0,0.0,90.0,0.0,0
DJ0377,3,2024-01-11,2024-09-17,250,0.0,0.0,0.0,0.0,0.0,0.0,90.0,0.0,0
DJ2695,1,2025-06-03,2025-07-28,55,0.0,0.0,0.0,0.0,0.0,0.0,90.0,0.0,0
DJ5218,1,2025-06-10,2025-09-26,108,0.0,0.0,0.0,0.0,0.0,0.0,0.0,0.0,0
DJ5557,1,2025-10-02,2025-10-23,21,0.0,1.0,0.0,0.0,0.0,0.0,60.0,0.0,0
DJ7581,1,2025-01-12,2025-10-23,284,0.0,0.0,0.0,0.0,0.0,0.0,90.0,0.0,0
DJ8604,1,2025-02-04,2025-05-29,114,0.0,0.0,0.0,0.0,0.0,0.0,85.0,0.0,0
DK3627,2,2025-04-11,2025-08-18,129,0.0,0.0,0.0,0.0,0.0,0.0,90.0,0.0,0
DK3627,2,2025-04-11,2026-08-18,494,0.0,0.0,0.0,0.0,0.0,0.0,90.0,0.0,0
DK7619,4,2025-06-10,2025-11-19,162,0.0,0.0,0.0,0.0,0.0,0.0,80.0,0.0,1
DK7619,4,2025-06-10,2026-11-19,527,0.0,0.0,0.0,0.0,0.0,0.0,80.0,0.0,1
DK8336,3,2024-01-11,2025-09-19,617,0.0,0.0,0.0,0.0,0.0,0.0,90.0,0.0,0
DK8336,3,2024-01-11,2026-09-19,982,0.0,0.0,0.0,0.0,0.0,0.0,90.0,0.0,0
DK8336,3,2024-01-11,2024-09-19,252,0.0,0.0,0.0,0.0,0.0,0.0,90.0,0.0,0
DL0117,2,2025-11-03,2026-01-21,79,0.0,0.0,0.0,0.0,0.0,0.0,90.0,0.0,0
DL0965,4,2025-03-03,2025-06-20,109,0.0,0.0,0.0,0.0,0.0,0.0,90.0,0.0,1
DL0965,4,2025-03-03,2026-06-20,474,0.0,0.0,0.0,0.0,0.0,0.0,90.0,0.0,1
DL2287,1,2024-12-11,2025-09-24,287,0.0,0.0,0.0,0.0,0.0,0.0,50.0,0.0,0
DL3152,3,2025-07-10,2025-12-19,162,0.0,0.0,0.0,0.0,0.0,0.0,83.33333333333333,0.0,0
DL3152,3,2025-07-10,2024-12-19,-203,0.0,0.0,0.0,0.0,0.0,0.0,83.33333333333333,0.0,0
DL4444,5,2024-08-11,2025-05-22,284,0.0,1.0,0.0,0.0,0.0,0.0,80.0,0.0,1
DL4444,5,2024-08-11,2026-05-22,649,0.0,1.0,0.0,0.0,0.0,0.0,80.0,0.0,1
DL4444,5,2024-08-11,2024-05-22,-81,0.0,1.0,0.0,0.0,0.0,0.0,80.0,0.0,1
DL5028,2,2025-08-01,2026-06-21,324,0.0,0.0,0.0,0.0,0.0,0.0,40.0,0.0,0
DL6254,2,2025-07-01,2025-08-21,51,0.0,0.0,0.0,0.0,0.0,0.0,90.0,0.0,0
DL6254,2,2025-07-01,2026-08-21,416,0.0,0.0,0.0,0.0,0.0,0.0,90.0,0.0,0
DL6834,1,2025-08-04,2025-10-29,86,0.0,0.0,0.0,0.0,0.0,0.0,100.0,0.0,0
DM6500,2,2024-05-12,2025-02-20,284,0.0,0.0,0.0,0.0,0.0,0.0,85.0,0.0,0
DN0886,1,2025-10-11,2026-03-18,158,0.0,0.0,0.0,0.0,0.0,0.0,90.0,0.0,0
DN1174,2,2024-07-11,2025-09-23,439,0.0,0.0,0.0,0.0,0.0,0.0,50.0,0.0,0
DN1174,2,2024-07-11,2024-09-23,74,0.0,0.0,0.0,0.0,0.0,0.0,50.0,0.0,0
DN1997,2,2025-02-06,2025-11-25,292,0.0,0.0,0.0,0.0,0.0,0.0,80.0,0.0,0
DN2226,2,2025-04-09,2025-08-27,140,0.0,0.0,0.0,0.0,0.0,0.0,40.0,0.0,0
DN3375,1,2025-01-10,2025-02-25,46,0.0,0.0,0.0,0.0,0.0,0.0,20.0,0.0,0
DN3955,4,2024-09-12,2025-03-21,190,0.0,0.0,0.0,0.0,0.0,0.0,85.0,0.0,1
DN3955,4,2024-09-12,2026-03-21,555,0.0,0.0,0.0,0.0,0.0,0.0,85.0,0.0,1
DN4865,4,2025-06-01,2025-06-20,19,0.0,1.0,0.0,0.0,0.0,0.0,75.0,0.0,1
DN4865,4,2025-06-01,2026-06-20,384,0.0,1.0,0.0,0.0,0.0,0.0,75.0,0.0,1
DN6510,2,2024-10-12,2025-01-29,109,0.0,0.0,0.0,0.0,0.0,0.0,90.0,0.0,0
DN8105,1,2025-07-07,2025-07-25,18,0.0,1.0,0.0,0.0,0.0,0.0,80.0,0.0,0
DN9061,5,2026-07-01,2025-08-19,-316,0.0,0.0,0.0,0.0,0.0,0.0,86.0,0.0,1
DN9061,5,2026-07-01,2026-08-19,49,0.0,0.0,0.0,0.0,0.0,0.0,86.0,0.0,1
DO4558,2,2025-08-12,2025-08-29,17,0.0,1.0,0.0,0.0,0.0,0.0,85.0,0.0,0
DO6848,2,2025-06-02,2026-11-18,534,0.0,0.0,0.0,0.0,0.0,0.0,100.0,0.0,0
DO6848,2,2025-06-02,2025-11-18,169,0.0,0.0,0.0,0.0,0.0,0.0,100.0,0.0,0
DO8424,1,2025-10-09,2025-10-28,19,0.0,1.0,0.0,0.0,0.0,0.0,90.0,0.0,0
DP0294,2,2024-07-11,2025-07-23,377,0.0,1.0,0.0,0.0,0.0,0.0,90.0,0.0,0
DP0294,2,2024-07-11,2024-07-23,12,0.0,1.0,0.0,0.0,0.0,0.0,90.0,0.0,0
DP6595,1,2025-03-11,2025-07-24,135,0.0,0.0,0.0,0.0,0.0,0.0,70.0,0.0,0
DQ2244,1,2024-10-12,2025-06-23,254,0.0,0.0,0.0,0.0,0.0,0.0,80.0,0.0,0
DQ3076,1,2025-02-07,2025-03-27,48,0.0,0.0,0.0,0.0,0.0,0.0,70.0,0.0,0
DQ4262,2,2025-03-03,2025-11-19,261,0.0,0.0,0.0,0.0,0.0,0.0,0.0,0.0,0
DQ4262,2,2025-03-03,2026-11-19,626,0.0,0.0,0.0,0.0,0.0,0.0,0.0,0.0,0
DQ7533,1,2024-09-12,2025-03-26,195,0.0,0.0,0.0,0.0,0.0,0.0,90.0,0.0,0
DQ9290,4,2024-11-12,2025-11-26,379,0.0,2.0,0.0,0.0,0.0,0.0,0.0,0.0,1
DQ9290,4,2024-11-12,2024-11-26,14,0.0,2.0,0.0,0.0,0.0,0.0,0.0,0.0,1
DR1852,3,2025-07-11,2025-11-26,138,0.0,0.0,0.0,0.0,0.0,0.0,90.0,0.0,0
DR1852,3,2025-07-11,2024-11-26,-227,0.0,0.0,0.0,0.0,0.0,0.0,90.0,0.0,0
DR2481,1,2025-04-04,2025-07-29,116,0.0,0.0,0.0,0.0,0.0,0.0,85.0,0.0,0
DR4158,1,2025-02-07,2025-10-24,259,0.0,0.0,0.0,0.0,0.0,0.0,90.0,0.0,0
DR6212,2,2025-11-04,2025-12-22,48,0.0,0.0,0.0,0.0,0.0,0.0,90.0,0.0,0
DR7111,1,2025-03-10,2025-08-25,168,0.0,0.0,0.0,0.0,0.0,0.0,0.0,0.0,0
DS0817,1,2025-06-10,2025-10-28,140,0.0,0.0,0.0,0.0,0.0,0.0,80.0,0.0,0
DS2488,1,2025-09-09,2025-09-26,17,0.0,1.0,0.0,0.0,0.0,0.0,80.0,0.0,0
DS5781,2,2025-11-12,2025-11-26,14,0.0,1.0,0.0,0.0,0.0,0.0,70.0,0.0,0
DS6728,1,2025-01-12,2025-07-24,193,0.0,0.0,0.0,0.0,0.0,0.0,90.0,0.0,0
DT0301,1,2025-01-08,2025-01-25,17,0.0,1.0,0.0,0.0,0.0,0.0,90.0,0.0,0
DT1320,1,2025-03-10,2025-09-23,197,0.0,0.0,0.0,0.0,0.0,0.0,80.0,0.0,0
DT4854,1,2026-05-01,2026-06-21,51,0.0,0.0,0.0,0.0,0.0,0.0,90.0,0.0,0
DU3847,1,2025-11-02,2025-12-20,48,0.0,0.0,0.0,0.0,0.0,0.0,90.0,0.0,0
DV2286,2,2024-05-12,2025-01-20,253,0.0,0.0,0.0,0.0,0.0,0.0,80.0,0.0,0
DV2286,2,2024-05-12,2026-01-20,618,0.0,0.0,0.0,0.0,0.0,0.0,80.0,0.0,0
DV2320,4,2024-12-12,2026-09-21,648,0.0,0.0,0.0,0.0,0.0,0.0,0.0,0.0,1
DV2320,4,2024-12-12,2025-09-21,283,0.0,0.0,0.0,0.0,0.0,0.0,0.0,0.0,1
DV3656,1,2025-02-10,2025-03-23,41,0.0,0.0,0.0,0.0,0.0,0.0,80.0,0.0,0
DV8276,6,2025-01-12,2025-05-22,130,0.0,0.0,0.0,0.0,0.0,0.0,68.33333333333333,0.0,1
DV8276,6,2025-01-12,2026-05-22,495,0.0,0.0,0.0,0.0,0.0,0.0,68.33333333333333,0.0,1
DW0321,1,2025-10-12,2026-06-21,252,0.0,0.0,0.0,0.0,0.0,0.0,90.0,0.0,0
DW7763,1,2025-03-02,2025-10-29,241,0.0,0.0,0.0,0.0,0.0,0.0,80.0,0.0,0
DX4555,1,2025-04-11,2025-12-20,253,0.0,0.0,0.0,0.0,0.0,0.0,90.0,0.0,0
DX6950,1,2025-06-10,2025-06-26,16,0.0,1.0,0.0,0.0,0.0,0.0,90.0,0.0,0
DY7072,2,2025-03-03,2025-06-21,110,0.0,0.0,0.0,0.0,0.0,0.0,80.0,0.0,0
DY7072,2,2025-03-03,2026-06-21,475,0.0,0.0,0.0,0.0,0.0,0.0,80.0,0.0,0
DZ1639,3,2025-04-11,2024-11-28,-134,0.0,0.0,0.0,0.0,0.0,0.0,53.333333333333336,0.0,0
DZ1639,3,2025-04-11,2025-11-28,231,0.0,0.0,0.0,0.0,0.0,0.0,53.333333333333336,0.0,0
DZ3303,2,2025-08-01,2026-06-20,323,0.0,0.0,0.0,0.0,0.0,0.0,75.0,0.0,0
DZ5569,1,2025-02-10,2025-05-27,106,0.0,0.0,0.0,0.0,0.0,0.0,90.0,0.0,0
DZ7384,2,2025-02-10,2025-10-19,251,0.0,0.0,0.0,0.0,0.0,0.0,80.0,0.0,0
DZ7384,2,2025-02-10,2026-10-19,616,0.0,0.0,0.0,0.0,0.0,0.0,80.0,0.0,0
EA2708,1,2025-10-10,2026-03-21,162,0.0,0.0,0.0,0.0,0.0,0.0,85.0,0.0,0
EA3203,1,2025-06-01,2025-07-29,58,0.0,0.0,0.0,0.0,0.0,0.0,50.0,0.0,0
EA4879,3,2025-05-12,2025-03-22,-51,0.0,0.0,0.0,0.0,0.0,0.0,90.0,0.0,0
EA4879,3,2025-05-12,2026-03-22,314,0.0,0.0,0.0,0.0,0.0,0.0,90.0,0.0,0
EA6791,1,2025-01-04,2025-03-26,81,0.0,0.0,0.0,0.0,0.0,0.0,80.0,0.0,0
EA9555,5,2025-06-10,2025-04-19,-52,0.0,1.0,0.0,0.0,0.0,0.0,72.0,0.0,1
EA9555,5,2025-06-10,2026-04-19,313,0.0,1.0,0.0,0.0,0.0,0.0,72.0,0.0,1
EB2671,1,2025-10-10,2025-10-25,15,0.0,1.0,0.0,0.0,0.0,0.0,0.0,0.0,0
EB3379,1,2024-06-11,2025-04-24,317,0.0,0.0,0.0,0.0,0.0,0.0,90.0,0.0,0
EB7451,2,2025-03-02,2025-06-21,111,0.0,0.0,0.0,0.0,0.0,0.0,80.0,0.0,0
EB7451,2,2025-03-02,2026-06-21,476,0.0,0.0,0.0,0.0,0.0,0.0,80.0,0.0,0
EB8407,5,2025-08-10,2025-11-18,100,0.0,0.0,0.0,0.0,0.0,0.0,80.0,0.0,1
EB8407,5,2025-08-10,2026-11-18,465,0.0,0.0,0.0,0.0,0.0,0.0,80.0,0.0,1
EB8407,5,2025-08-10,2024-11-18,-265,0.0,0.0,0.0,0.0,0.0,0.0,80.0,0.0,1
EC4793,1,2024-04-10,2025-03-27,351,0.0,0.0,0.0,0.0,0.0,0.0,60.0,0.0,0
EC5931,2,2025-02-10,2025-03-22,40,0.0,0.0,0.0,0.0,0.0,0.0,80.0,0.0,0
EC5931,2,2025-02-10,2026-03-22,405,0.0,0.0,0.0,0.0,0.0,0.0,80.0,0.0,0
ED2977,1,2025-05-03,2026-04-20,352,0.0,0.0,0.0,0.0,0.0,0.0,80.0,0.0,0
EE0894,1,2025-03-12,2025-08-26,167,0.0,0.0,0.0,0.0,0.0,0.0,80.0,0.0,0
EE2165,1,2025-03-01,2025-12-21,295,0.0,0.0,0.0,0.0,0.0,0.0,80.0,0.0,0
EE3730,1,2024-07-11,2025-04-27,290,0.0,0.0,0.0,0.0,0.0,0.0,90.0,0.0,0
EE7901,3,2025-06-05,2025-10-24,141,0.0,0.0,0.0,0.0,0.0,0.0,76.66666666666667,0.0,0
EE9998,1,2025-02-10,2025-10-23,255,0.0,0.0,0.0,0.0,0.0,0.0,90.0,0.0,0
EF4406,2,2024-02-12,2025-01-18,341,0.0,0.0,0.0,0.0,0.0,0.0,80.0,0.0,0
EF4406,2,2024-02-12,2026-01-18,706,0.0,0.0,0.0,0.0,0.0,0.0,80.0,0.0,0
EF6983,4,2025-08-10,2025-02-18,-173,0.0,0.0,0.0,0.0,0.0,0.0,85.0,0.0,1
EF6983,4,2025-08-10,2026-02-18,192,0.0,0.0,0.0,0.0,0.0,0.0,85.0,0.0,1
EF8072,1,2024-11-11,2025-03-24,133,0.0,0.0,0.0,0.0,0.0,0.0,80.0,0.0,0
EG2053,2,2025-04-07,2025-07-24,108,0.0,0.0,0.0,0.0,0.0,0.0,65.0,0.0,0
EG6016,1,2025-03-02,2025-10-29,241,0.0,0.0,0.0,0.0,0.0,0.0,90.0,0.0,0
EG7701,1,2024-12-11,2025-10-28,321,0.0,0.0,0.0,0.0,0.0,0.0,80.0,0.0,0
EH9014,2,2025-02-10,2026-08-18,554,0.0,0.0,0.0,0.0,0.0,0.0,90.0,0.0,0
EH9014,2,2025-02-10,2025-08-18,189,0.0,0.0,0.0,0.0,0.0,0.0,90.0,0.0,0
EI3996,1,2025-08-12,2025-09-23,42,0.0,0.0,0.0,0.0,0.0,0.0,90.0,0.0,0
EI7469,1,2025-06-05,2025-06-23,18,0.0,1.0,0.0,0.0,0.0,0.0,100.0,0.0,0
EI7483,1,2025-10-12,2026-11-17,401,0.0,0.0,0.0,0.0,0.0,0.0,90.0,0.0,0
EJ1063,1,2025-06-05,2025-09-22,109,0.0,0.0,0.0,0.0,0.0,0.0,80.0,0.0,0
EJ9597,1,2025-05-06,2025-06-23,48,0.0,0.0,0.0,0.0,0.0,0.0,80.0,0.0,0
EK4464,2,2024-03-12,2026-03-20,738,0.0,0.0,0.0,0.0,0.0,0.0,40.0,0.0,0
EK4464,2,2024-03-12,2025-03-20,373,0.0,0.0,0.0,0.0,0.0,0.0,40.0,0.0,0
EK5234,4,2025-07-05,2025-07-29,24,0.0,2.0,0.0,0.0,0.0,0.0,82.5,0.0,1
EK6359,1,2025-01-08,2025-09-24,259,0.0,0.0,0.0,0.0,0.0,0.0,85.0,0.0,0
EK8023,2,2025-06-01,2026-06-17,381,0.0,1.0,0.0,0.0,0.0,0.0,70.0,0.0,0
EK8023,2,2025-06-01,2025-06-17,16,0.0,1.0,0.0,0.0,0.0,0.0,70.0,0.0,0
EL0528,2,2024-10-12,2024-12-28,77,0.0,0.0,0.0,0.0,0.0,0.0,70.0,0.0,0
EL4715,1,2025-07-01,2025-11-19,141,0.0,0.0,0.0,0.0,0.0,0.0,50.0,0.0,0
EL6775,2,2024-06-11,2025-07-22,406,0.0,0.0,0.0,0.0,0.0,0.0,90.0,0.0,0
EL6775,2,2024-06-11,2024-07-22,41,0.0,0.0,0.0,0.0,0.0,0.0,90.0,0.0,0
EL7384,1,2024-05-11,2025-04-24,348,0.0,0.0,0.0,0.0,0.0,0.0,90.0,0.0,0
EL8176,1,2024-12-11,2024-12-28,17,0.0,1.0,0.0,0.0,0.0,0.0,0.0,0.0,0
EL8778,1,2025-10-04,2025-10-23,19,0.0,1.0,0.0,0.0,0.0,0.0,70.0,0.0,0
EM0409,1,2025-04-11,2026-01-19,283,0.0,0.0,0.0,0.0,0.0,0.0,70.0,0.0,0
EM7258,1,2025-03-03,2025-03-28,25,0.0,1.0,0.0,0.0,0.0,0.0,40.0,0.0,0
EN0493,2,2025-03-11,2025-08-18,160,0.0,0.0,0.0,0.0,0.0,0.0,90.0,0.0,0
EN0493,2,2025-03-11,2026-08-18,525,0.0,0.0,0.0,0.0,0.0,0.0,90.0,0.0,0
EN7318,4,2025-08-01,2026-02-19,202,0.0,0.0,0.0,0.0,0.0,0.0,87.5,0.0,1
EN8854,1,2025-05-03,2025-11-24,205,0.0,0.0,0.0,0.0,0.0,0.0,80.0,0.0,0
EN9571,1,2025-06-10,2026-02-19,254,0.0,0.0,0.0,0.0,0.0,0.0,90.0,0.0,0
EO1120,1,2025-06-03,2025-06-27,24,0.0,1.0,0.0,0.0,0.0,0.0,90.0,0.0,0
EO2837,1,2025-06-01,2025-08-25,85,0.0,0.0,0.0,0.0,0.0,0.0,0.0,0.0,0
EO4829,1,2025-07-02,2025-08-29,58,0.0,0.0,0.0,0.0,0.0,0.0,90.0,0.0,0
EP6737,2,2024-05-12,2025-11-23,560,0.0,0.0,0.0,0.0,0.0,0.0,80.0,0.0,0
EP6737,2,2024-05-12,2024-11-23,195,0.0,0.0,0.0,0.0,0.0,0.0,80.0,0.0,0
EP7496,1,2025-10-10,2026-01-21,103,0.0,0.0,0.0,0.0,0.0,0.0,90.0,0.0,0
EQ3393,2,2025-08-07,2025-09-26,50,0.0,0.0,0.0,0.0,0.0,0.0,90.0,0.0,0
EQ6100,2,2025-07-02,2025-11-18,139,0.0,0.0,0.0,0.0,0.0,0.0,0.0,0.0,0
EQ6100,2,2025-07-02,2026-11-18,504,0.0,0.0,0.0,0.0,0.0,0.0,0.0,0.0,0
EQ9322,3,2025-05-12,2025-10-28,169,0.0,0.0,0.0,0.0,0.0,0.0,86.66666666666667,0.0,0
ER2668,1,2025-06-05,2025-10-28,145,0.0,0.0,0.0,0.0,0.0,0.0,90.0,0.0,0
ER3270,1,2025-11-03,2026-06-21,230,0.0,0.0,0.0,0.0,0.0,0.0,90.0,0.0,0
ER3716,1,2024-11-11,2025-03-28,137,0.0,0.0,0.0,0.0,0.0,0.0,80.0,0.0,0
ER3954,2,2024-11-12,2025-01-28,77,0.0,0.0,0.0,0.0,0.0,0.0,75.0,0.0,0
ES3308,4,2025-03-03,2025-06-27,116,0.0,0.0,0.0,0.0,0.0,0.0,82.5,0.0,1
ES7689,5,2025-07-05,2025-06-20,-15,0.0,1.0,0.0,0.0,0.0,0.0,84.0,0.0,1
ES7689,5,2025-07-05,2026-06-20,350,0.0,1.0,0.0,0.0,0.0,0.0,84.0,0.0,1
ES9761,3,2024-06-11,2025-10-20,496,0.0,0.0,0.0,0.0,0.0,0.0,80.0,0.0,0
ES9761,3,2024-06-11,2026-10-20,861,0.0,0.0,0.0,0.0,0.0,0.0,80.0,0.0,0
ES9761,3,2024-06-11,2024-10-20,131,0.0,0.0,0.0,0.0,0.0,0.0,80.0,0.0,0
ET0268,2,2024-03-12,2025-09-23,560,0.0,0.0,0.0,0.0,0.0,0.0,90.0,0.0,0
ET0268,2,2024-03-12,2024-09-23,195,0.0,0.0,0.0,0.0,0.0,0.0,90.0,0.0,0
ET0956,3,2026-07-01,2025-07-22,-344,0.0,1.0,0.0,0.0,0.0,0.0,83.33333333333333,0.0,0
ET0956,3,2026-07-01,2026-07-22,21,0.0,1.0,0.0,0.0,0.0,0.0,83.33333333333333,0.0,0
ET9321,3,2025-07-01,2025-02-18,-133,0.0,0.0,0.0,0.0,0.0,0.0,0.0,0.0,0
ET9321,3,2025-07-01,2026-02-18,232,0.0,0.0,0.0,0.0,0.0,0.0,0.0,0.0,0
EU1190,6,2024-09-12,2025-11-20,434,0.0,0.0,0.0,0.0,0.0,0.0,40.0,0.0,1
EU1190,6,2024-09-12,2026-11-20,799,0.0,0.0,0.0,0.0,0.0,0.0,40.0,0.0,1
EU1190,6,2024-09-12,2024-11-20,69,0.0,0.0,0.0,0.0,0.0,0.0,40.0,0.0,1
EU8775,2,2025-09-10,2025-09-21,11,0.0,1.0,0.0,0.0,0.0,0.0,80.0,0.0,0
EU8775,2,2025-09-10,2026-09-21,376,0.0,1.0,0.0,0.0,0.0,0.0,80.0,0.0,0
EV1717,3,2024-11-11,2025-11-21,375,0.0,1.0,0.0,0.0,0.0,0.0,90.0,0.0,0
EV1717,3,2024-11-11,2026-11-21,740,0.0,1.0,0.0,0.0,0.0,0.0,90.0,0.0,0
EV1717,3,2024-11-11,2024-11-21,10,0.0,1.0,0.0,0.0,0.0,0.0,90.0,0.0,0
EV2944,1,2025-02-06,2025-11-26,293,0.0,0.0,0.0,0.0,0.0,0.0,85.0,0.0,0
EV3722,2,2025-05-02,2025-05-19,17,0.0,1.0,0.0,0.0,0.0,0.0,85.0,0.0,0
EV3722,2,2025-05-02,2026-05-19,382,0.0,1.0,0.0,0.0,0.0,0.0,85.0,0.0,0
EV3753,1,2025-06-02,2025-10-27,147,0.0,0.0,0.0,0.0,0.0,0.0,0.0,0.0,0
EW9568,1,2025-06-10,2025-10-23,135,0.0,0.0,0.0,0.0,0.0,0.0,90.0,0.0,0
EX0161,2,2025-09-01,2025-10-23,52,0.0,0.0,0.0,0.0,0.0,0.0,85.0,0.0,0
EX6694,2,2025-03-10,2025-10-20,224,0.0,0.0,0.0,0.0,0.0,0.0,80.0,0.0,0
EX6694,2,2025-03-10,2026-10-20,589,0.0,0.0,0.0,0.0,0.0,0.0,80.0,0.0,0
EX8997,1,2025-05-08,2025-05-25,17,0.0,1.0,0.0,0.0,0.0,0.0,80.0,0.0,0
EY1414,1,2025-11-02,2026-02-18,108,0.0,0.0,0.0,0.0,0.0,0.0,90.0,0.0,0
EY1978,2,2024-02-12,2025-08-29,564,0.0,0.0,0.0,0.0,0.0,0.0,0.0,0.0,0
EY1978,2,2024-02-12,2024-08-29,199,0.0,0.0,0.0,0.0,0.0,0.0,0.0,0.0,0
EY7196,2,2025-01-10,2025-11-21,315,0.0,0.0,0.0,0.0,0.0,0.0,90.0,0.0,0
EY7196,2,2025-01-10,2026-11-21,680,0.0,0.0,0.0,0.0,0.0,0.0,90.0,0.0,0
EY9148,1,2025-07-03,2025-07-29,26,0.0,1.0,0.0,0.0,0.0,0.0,90.0,0.0,0
EZ1184,2,2025-08-12,2025-09-20,39,0.0,0.0,0.0,0.0,0.0,0.0,85.0,0.0,0
EZ1184,2,2025-08-12,2026-09-20,404,0.0,0.0,0.0,0.0,0.0,0.0,85.0,0.0,0
EZ1485,1,2025-02-12,2025-05-28,105,0.0,0.0,0.0,0.0,0.0,0.0,80.0,0.0,0
FA1461,1,2025-01-05,2025-03-29,83,0.0,0.0,0.0,0.0,0.0,0.0,100.0,0.0,0
FA3089,1,2024-06-11,2025-05-23,346,0.0,0.0,0.0,0.0,0.0,0.0,0.0,0.0,0
FB0345,3,2025-06-08,2025-06-27,19,0.0,1.0,0.0,0.0,0.0,0.0,90.0,0.0,0
FB2093,1,2025-02-04,2025-02-23,19,0.0,1.0,0.0,0.0,0.0,0.0,80.0,0.0,0
FB4253,3,2025-04-04,2025-05-23,49,0.0,0.0,0.0,0.0,0.0,0.0,81.66666666666667,0.0,0
FB8908,1,2025-01-12,2025-04-27,105,0.0,0.0,0.0,0.0,0.0,0.0,85.0,0.0,0
FC2847,2,2024-09-12,2025-08-19,341,0.0,0.0,0.0,0.0,0.0,0.0,90.0,0.0,0
FC2847,2,2024-09-12,2026-08-19,706,0.0,0.0,0.0,0.0,0.0,0.0,90.0,0.0,0
FC5122,1,2024-06-12,2024-12-23,194,0.0,0.0,0.0,0.0,0.0,0.0,0.0,0.0,0
FC6556,3,2025-12-11,2024-12-19,-357,0.0,1.0,0.0,0.0,0.0,0.0,93.33333333333333,0.0,0
FC6556,3,2025-12-11,2025-12-19,8,0.0,1.0,0.0,0.0,0.0,0.0,93.33333333333333,0.0,0
FC7627,1,2025-05-02,2025-06-28,57,0.0,0.0,0.0,0.0,0.0,0.0,90.0,0.0,0
FC7866,2,2025-06-08,2025-06-28,20,0.0,1.0,0.0,0.0,0.0,0.0,85.0,0.0,0
FC9860,1,2025-12-12,2026-09-20,282,0.0,0.0,0.0,0.0,0.0,0.0,80.0,0.0,0
FD4486,1,2024-12-11,2025-10-25,318,0.0,0.0,0.0,0.0,0.0,0.0,90.0,0.0,0
FD7444,1,2024-02-12,2025-07-28,532,0.0,0.0,0.0,0.0,0.0,0.0,0.0,0.0,0
FD9473,2,2025-06-11,2025-08-19,69,0.0,0.0,0.0,0.0,0.0,0.0,80.0,0.0,0
FD9473,2,2025-06-11,2026-08-19,434,0.0,0.0,0.0,0.0,0.0,0.0,80.0,0.0,0
FE2091,1,2025-02-07,2025-08-24,198,0.0,0.0,0.0,0.0,0.0,0.0,55.0,0.0,0
FE3574,1,2024-06-12,2025-10-25,500,0.0,0.0,0.0,0.0,0.0,0.0,90.0,0.0,0
FE3881,1,2025-05-03,2025-08-27,116,0.0,0.0,0.0,0.0,0.0,0.0,90.0,0.0,0
FE4826,4,2025-02-12,2025-07-21,159,0.0,0.0,0.0,0.0,0.0,0.0,80.0,0.0,1
FE4826,4,2025-02-12,2026-07-21,524,0.0,0.0,0.0,0.0,0.0,0.0,80.0,0.0,1
FE7216,2,2025-02-10,2025-09-20,222,0.0,0.0,0.0,0.0,0.0,0.0,70.0,0.0,0
FE7216,2,2025-02-10,2026-09-20,587,0.0,0.0,0.0,0.0,0.0,0.0,70.0,0.0,0
FE7933,2,2024-09-12,2025-08-21,343,0.0,0.0,0.0,0.0,0.0,0.0,0.0,0.0,0
FE7933,2,2024-09-12,2026-08-21,708,0.0,0.0,0.0,0.0,0.0,0.0,0.0,0.0,0
FE8181,2,2025-06-10,2026-03-18,281,0.0,0.0,0.0,0.0,0.0,0.0,85.0,0.0,0
FE8889,2,2025-08-12,2025-08-28,16,0.0,1.0,0.0,0.0,0.0,0.0,80.0,0.0,0
FE9845,2,2025-01-04,2025-08-21,229,0.0,0.0,0.0,0.0,0.0,0.0,90.0,0.0,0
FE9845,2,2025-01-04,2026-08-21,594,0.0,0.0,0.0,0.0,0.0,0.0,90.0,0.0,0
FF1890,2,2024-12-11,2025-02-21,72,0.0,0.0,0.0,0.0,0.0,0.0,77.5,0.0,0
FF4147,3,2024-04-11,2025-09-20,527,0.0,0.0,0.0,0.0,0.0,0.0,85.0,0.0,0
FF4147,3,2024-04-11,2026-09-20,892,0.0,0.0,0.0,0.0,0.0,0.0,85.0,0.0,0
FF4147,3,2024-04-11,2024-09-20,162,0.0,0.0,0.0,0.0,0.0,0.0,85.0,0.0,0
FF5723,6,2024-09-12,2024-11-28,77,0.0,0.0,0.0,0.0,0.0,0.0,66.66666666666667,0.0,1
FF5723,6,2024-09-12,2025-11-28,442,0.0,0.0,0.0,0.0,0.0,0.0,66.66666666666667,0.0,1
FF7115,1,2025-09-04,2025-09-23,19,0.0,1.0,0.0,0.0,0.0,0.0,90.0,0.0,0
FF9526,1,2025-02-09,2025-09-25,228,0.0,0.0,0.0,0.0,0.0,0.0,80.0,0.0,0
FG0494,1,2025-02-12,2025-08-24,193,0.0,0.0,0.0,0.0,0.0,0.0,100.0,0.0,0
FG7319,1,2026-05-01,2026-10-21,173,0.0,0.0,0.0,0.0,0.0,0.0,90.0,0.0,0
FH1116,1,2024-11-11,2025-01-23,73,0.0,0.0,0.0,0.0,0.0,0.0,80.0,0.0,0
FH1727,1,2025-10-01,2026-06-20,262,0.0,0.0,0.0,0.0,0.0,0.0,80.0,0.0,0
FH2268,1,2025-01-05,2025-11-25,324,0.0,0.0,0.0,0.0,0.0,0.0,80.0,0.0,0
FH3625,1,2024-12-11,2025-04-25,135,0.0,0.0,0.0,0.0,0.0,0.0,85.0,0.0,0
FH4329,3,2024-04-11,2025-06-20,435,0.0,0.0,0.0,0.0,0.0,0.0,90.0,0.0,0
FH4329,3,2024-04-11,2026-06-20,800,0.0,0.0,0.0,0.0,0.0,0.0,90.0,0.0,0
FH4329,3,2024-04-11,2024-06-20,70,0.0,0.0,0.0,0.0,0.0,0.0,90.0,0.0,0
FH5234,2,2024-08-11,2026-01-20,527,0.0,0.0,0.0,0.0,0.0,0.0,90.0,0.0,0
FH5234,2,2024-08-11,2025-01-20,162,0.0,0.0,0.0,0.0,0.0,0.0,90.0,0.0,0
FI0198,1,2025-01-04,2025-02-20,47,0.0,0.0,0.0,0.0,0.0,0.0,80.0,0.0,0
FI2721,2,2024-02-12,2025-03-23,405,0.0,0.0,0.0,0.0,0.0,0.0,0.0,0.0,0
FI2721,2,2024-02-12,2024-03-23,40,0.0,0.0,0.0,0.0,0.0,0.0,0.0,0.0,0
FI2880,6,2025-09-10,2025-11-21,72,0.0,0.0,0.0,0.0,0.0,0.0,58.333333333333336,0.0,1
FI2880,6,2025-09-10,2026-11-21,437,0.0,0.0,0.0,0.0,0.0,0.0,58.333333333333336,0.0,1
FI3797,1,2024-11-12,2025-09-24,316,0.0,0.0,0.0,0.0,0.0,0.0,0.0,0.0,0
FI4872,1,2024-05-11,2025-02-23,288,0.0,0.0,0.0,0.0,0.0,0.0,85.0,0.0,0
FI8705,3,2025-06-10,2024-08-23,-291,0.0,0.0,0.0,0.0,0.0,0.0,86.66666666666667,0.0,0
FI8705,3,2025-06-10,2025-08-23,74,0.0,0.0,0.0,0.0,0.0,0.0,86.66666666666667,0.0,0
FJ0236,1,2025-01-04,2025-10-28,297,0.0,0.0,0.0,0.0,0.0,0.0,50.0,0.0,0
FJ0832,1,2025-09-12,2026-07-22,313,0.0,0.0,0.0,0.0,0.0,0.0,80.0,0.0,0
FJ1053,1,2024-11-11,2024-12-24,43,0.0,0.0,0.0,0.0,0.0,0.0,0.0,0.0,0
FJ4395,2,2024-07-11,2025-09-27,443,0.0,0.0,0.0,0.0,0.0,0.0,90.0,0.0,0
FJ4395,2,2024-07-11,2024-09-27,78,0.0,0.0,0.0,0.0,0.0,0.0,90.0,0.0,0
FJ4419,3,2025-08-01,2025-02-16,-166,1.0,1.0,0.0,0.0,0.0,0.0,90.0,0.25,0
FJ4419,3,2025-08-01,2026-02-16,199,1.0,1.0,0.0,0.0,0.0,0.0,90.0,0.25,0
FJ4538,1,2025-10-01,2025-10-24,23,0.0,1.0,0.0,0.0,0.0,0.0,0.0,0.0,0
FJ5623,2,2025-08-10,2025-11-21,103,0.0,0.0,0.0,0.0,0.0,0.0,0.0,0.0,0
FJ5623,2,2025-08-10,2026-11-21,468,0.0,0.0,0.0,0.0,0.0,0.0,0.0,0.0,0
FJ6822,1,2025-05-09,2025-08-27,110,0.0,0.0,0.0,0.0,0.0,0.0,100.0,0.0,0
FK4108,1,2025-03-09,2025-05-27,79,0.0,0.0,0.0,0.0,0.0,0.0,70.0,0.0,0
FK5883,2,2025-04-12,2025-08-18,128,0.0,0.0,0.0,0.0,0.0,0.0,85.0,0.0,0
FK5883,2,2025-04-12,2026-08-18,493,0.0,0.0,0.0,0.0,0.0,0.0,85.0,0.0,0
FK9011,1,2025-10-02,2026-07-21,292,0.0,0.0,0.0,0.0,0.0,0.0,80.0,0.0,0
FL8438,1,2025-03-11,2025-03-23,12,0.0,1.0,0.0,0.0,0.0,0.0,55.0,0.0,0
FM0328,1,2025-09-12,2025-10-27,45,0.0,0.0,0.0,0.0,0.0,0.0,85.0,0.0,0
FM1762,1,2025-07-04,2025-08-28,55,0.0,0.0,0.0,0.0,0.0,0.0,60.0,0.0,0
FM2634,2,2025-06-05,2025-11-21,169,0.0,0.0,0.0,0.0,0.0,0.0,0.0,0.0,0
FM2634,2,2025-06-05,2026-11-21,534,0.0,0.0,0.0,0.0,0.0,0.0,0.0,0.0,0
FM4307,2,2024-05-11,2025-06-26,411,0.0,0.0,0.0,0.0,0.0,0.0,50.0,0.0,0
FM4307,2,2024-05-11,2024-06-26,46,0.0,0.0,0.0,0.0,0.0,0.0,50.0,0.0,0
FM5372,1,2025-01-12,2025-04-22,100,0.0,0.0,0.0,0.0,0.0,0.0,60.0,0.0,0
FM5805,1,2025-02-04,2025-08-24,201,0.0,0.0,0.0,0.0,0.0,0.0,80.0,0.0,0
FM8354,1,2025-03-02,2025-11-28,271,0.0,0.0,0.0,0.0,0.0,0.0,0.0,0.0,0
FM9084,1,2025-04-12,2025-07-27,106,0.0,0.0,0.0,0.0,0.0,0.0,80.0,0.0,0
FM9450,1,2025-01-10,2025-05-29,139,0.0,0.0,0.0,0.0,0.0,0.0,40.0,0.0,0
FN1537,2,2024-12-12,2025-02-15,65,0.0,0.0,0.0,0.0,0.0,0.0,90.0,0.0,0
FN1537,2,2024-12-12,2026-02-15,430,0.0,0.0,0.0,0.0,0.0,0.0,90.0,0.0,0
FN4273,1,2025-04-02,2026-03-21,353,0.0,0.0,0.0,0.0,0.0,0.0,90.0,0.0,0
FN5779,2,2024-05-11,2025-06-26,411,0.0,0.0,0.0,0.0,0.0,0.0,90.0,0.0,0
FN5779,2,2024-05-11,2024-06-26,46,0.0,0.0,0.0,0.0,0.0,0.0,90.0,0.0,0
FN6124,2,2025-10-11,2025-10-21,10,0.0,1.0,0.0,0.0,0.0,0.0,80.0,0.0,0
FN6124,2,2025-10-11,2026-10-21,375,0.0,1.0,0.0,0.0,0.0,0.0,80.0,0.0,0
FN7209,3,2024-12-11,2024-12-28,17,0.0,1.0,0.0,0.0,0.0,0.0,76.66666666666667,0.0,0
FN7585,1,2025-11-11,2025-11-26,15,0.0,1.0,0.0,0.0,0.0,0.0,90.0,0.0,0
FO0320,1,2025-04-02,2025-08-28,148,0.0,0.0,0.0,0.0,0.0,0.0,90.0,0.0,0
FO9163,5,2025-09-12,2025-03-20,-176,0.0,0.0,0.0,0.0,0.0,0.0,73.0,0.0,1
FO9163,5,2025-09-12,2026-03-20,189,0.0,0.0,0.0,0.0,0.0,0.0,73.0,0.0,1
FP4825,1,2025-01-12,2025-12-20,342,0.0,0.0,0.0,0.0,0.0,0.0,100.0,0.0,0
FP5071,2,2024-12-11,2025-10-22,315,0.0,0.0,0.0,0.0,0.0,0.0,70.0,0.0,0
FP5071,2,2024-12-11,2026-10-22,680,0.0,0.0,0.0,0.0,0.0,0.0,70.0,0.0,0
FP5616,4,2025-08-10,2025-11-17,99,0.0,0.0,0.0,0.0,0.0,0.0,87.5,0.0,1
FP5616,4,2025-08-10,2026-11-17,464,0.0,0.0,0.0,0.0,0.0,0.0,87.5,0.0,1
FQ6278,2,2024-05-12,2025-03-27,319,0.0,0.0,0.0,0.0,0.0,0.0,90.0,0.0,0
FQ9478,1,2025-03-10,2025-04-22,43,0.0,0.0,0.0,0.0,0.0,0.0,80.0,0.0,0
FR1375,6,2025-12-11,2025-11-21,-20,0.0,0.0,0.0,0.0,0.0,0.0,90.0,0.0,1
FR1375,6,2025-12-11,2026-11-21,345,0.0,0.0,0.0,0.0,0.0,0.0,90.0,0.0,1
FR1375,6,2025-12-11,2024-11-21,-385,0.0,0.0,0.0,0.0,0.0,0.0,90.0,0.0,1
FS0376,2,2024-12-12,2025-01-29,48,0.0,0.0,0.0,0.0,0.0,0.0,45.0,0.0,0
FS5146,1,2025-10-06,2025-11-25,50,0.0,0.0,0.0,0.0,0.0,0.0,55.0,0.0,0
FS8848,5,2025-07-10,2025-11-27,140,0.0,0.0,0.0,0.0,0.0,0.0,89.0,0.0,1
FT2776,2,2025-06-10,2026-06-18,373,0.0,1.0,0.0,0.0,0.0,0.0,80.0,0.0,0
FT2776,2,2025-06-10,2025-06-18,8,0.0,1.0,0.0,0.0,0.0,0.0,80.0,0.0,0
FT4459,1,2025-02-07,2025-09-24,229,0.0,0.0,0.0,0.0,0.0,0.0,100.0,0.0,0
FT5591,2,2025-10-04,2025-11-26,53,0.0,0.0,0.0,0.0,0.0,0.0,80.0,0.0,0
FT6699,2,2024-03-12,2025-06-23,468,0.0,0.0,0.0,0.0,0.0,0.0,80.0,0.0,0
FT6699,2,2024-03-12,2024-06-23,103,0.0,0.0,0.0,0.0,0.0,0.0,80.0,0.0,0
FT7734,2,2025-12-11,2026-06-19,190,0.0,0.0,0.0,0.0,0.0,0.0,45.0,0.0,0
FT7919,2,2025-11-02,2025-11-19,17,0.0,1.0,0.0,0.0,0.0,0.0,90.0,0.0,0
FT7919,2,2025-11-02,2026-11-19,382,0.0,1.0,0.0,0.0,0.0,0.0,90.0,0.0,0
FU0533,1,2026-06-01,2026-10-18,139,0.0,0.0,0.0,0.0,0.0,0.0,90.0,0.0,0
FU0817,2,2024-07-11,2025-10-28,474,0.0,0.0,0.0,0.0,0.0,0.0,60.0,0.0,0
FU0817,2,2024-07-11,2024-10-28,109,0.0,0.0,0.0,0.0,0.0,0.0,60.0,0.0,0
FU2540,2,2025-04-04,2025-09-20,169,0.0,0.0,0.0,0.0,0.0,0.0,90.0,0.0,0
FU2540,2,2025-04-04,2026-09-20,534,0.0,0.0,0.0,0.0,0.0,0.0,90.0,0.0,0
FU3018,1,2025-03-06,2025-03-26,20,0.0,1.0,0.0,0.0,0.0,0.0,80.0,0.0,0
FV1531,2,2025-11-11,2026-11-18,372,1.0,1.0,0.0,0.0,0.0,0.0,0.0,0.3333333333333333,0
FV1531,2,2025-11-11,2025-11-18,7,1.0,1.0,0.0,0.0,0.0,0.0,0.0,0.3333333333333333,0
FV8602,1,2025-04-08,2025-09-24,169,0.0,0.0,0.0,0.0,0.0,0.0,90.0,0.0,0
FW0346,1,2025-04-09,2025-10-28,202,0.0,0.0,0.0,0.0,0.0,0.0,80.0,0.0,0
FW0491,1,2026-07-01,2026-08-19,49,0.0,0.0,0.0,0.0,0.0,0.0,80.0,0.0,0
FW0890,4,2024-12-11,2024-12-23,12,0.0,2.0,0.0,0.0,0.0,0.0,83.75,0.0,1
FW1976,1,2024-11-11,2025-08-28,290,0.0,0.0,0.0,0.0,0.0,0.0,70.0,0.0,0
FW2536,1,2025-06-03,2025-09-22,111,0.0,0.0,0.0,0.0,0.0,0.0,85.0,0.0,0
FW2895,1,2025-06-06,2025-09-24,110,0.0,0.0,0.0,0.0,0.0,0.0,90.0,0.0,0
FW7267,2,2024-08-11,2025-05-22,284,0.0,0.0,0.0,0.0,0.0,0.0,80.0,0.0,0
FW7267,2,2024-08-11,2026-05-22,649,0.0,0.0,0.0,0.0,0.0,0.0,80.0,0.0,0
FX0788,1,2025-07-07,2025-11-25,141,0.0,0.0,0.0,0.0,0.0,0.0,50.0,0.0,0
FX1758,1,2025-03-11,2025-11-27,261,0.0,0.0,0.0,0.0,0.0,0.0,20.0,0.0,0
FX9142,2,2025-04-02,2025-12-20,262,0.0,0.0,0.0,0.0,0.0,0.0,40.0,0.0,0
FY5607,2,2025-04-04,2025-09-21,170,0.0,0.0,0.0,0.0,0.0,0.0,90.0,0.0,0
FY5607,2,2025-04-04,2026-09-21,535,0.0,0.0,0.0,0.0,0.0,0.0,90.0,0.0,0
FY6735,2,2025-04-03,2025-08-20,139,0.0,0.0,0.0,0.0,0.0,0.0,90.0,0.0,0
FY6735,2,2025-04-03,2026-08-20,504,0.0,0.0,0.0,0.0,0.0,0.0,90.0,0.0,0
FY6865,6,2025-11-11,2025-10-19,-23,0.0,0.0,0.0,0.0,0.0,0.0,13.333333333333334,0.0,1
FY6865,6,2025-11-11,2026-10-19,342,0.0,0.0,0.0,0.0,0.0,0.0,13.333333333333334,0.0,1
FZ1256,2,2025-07-10,2025-10-24,106,0.0,0.0,0.0,0.0,0.0,0.0,82.5,0.0,0
FZ1933,2,2025-11-03,2025-11-25,22,0.0,1.0,0.0,0.0,0.0,0.0,95.0,0.0,0
FZ3383,1,2025-01-04,2025-03-23,78,0.0,0.0,0.0,0.0,0.0,0.0,90.0,0.0,0
FZ3712,4,2024-07-11,2024-12-22,164,0.0,0.0,0.0,0.0,0.0,0.0,80.0,0.0,1
FZ3712,4,2024-07-11,2025-12-22,529,0.0,0.0,0.0,0.0,0.0,0.0,80.0,0.0,1
FZ5296,1,2025-04-02,2025-09-24,175,0.0,0.0,0.0,0.0,0.0,0.0,80.0,0.0,0
FZ6597,2,2025-02-12,2025-05-19,96,0.0,0.0,0.0,0.0,0.0,0.0,0.0,0.0,0
FZ6597,2,2025-02-12,2026-05-19,461,0.0,0.0,0.0,0.0,0.0,0.0,0.0,0.0,0
FZ7536,1,2025-10-02,2026-01-22,112,0.0,0.0,0.0,0.0,0.0,0.0,80.0,0.0,0
GA5356,1,2025-03-06,2025-11-25,264,0.0,0.0,0.0,0.0,0.0,0.0,80.0,0.0,0
GA6140,2,2025-11-12,2026-05-22,191,0.0,0.0,0.0,0.0,0.0,0.0,50.0,0.0,0
GA9195,2,2025-05-02,2025-11-20,202,0.0,0.0,0.0,0.0,0.0,0.0,80.0,0.0,0
GA9195,2,2025-05-02,2026-11-20,567,0.0,0.0,0.0,0.0,0.0,0.0,80.0,0.0,0
GA9513,1,2025-11-02,2025-11-28,26,0.0,1.0,0.0,0.0,0.0,0.0,90.0,0.0,0
GB2726,3,2025-04-11,2024-10-29,-164,0.0,0.0,0.0,0.0,0.0,0.0,26.666666666666668,0.0,0
GB2726,3,2025-04-11,2025-10-29,201,0.0,0.0,0.0,0.0,0.0,0.0,26.666666666666668,0.0,0
GB2832,1,2025-11-04,2026-06-21,229,0.0,0.0,0.0,0.0,0.0,0.0,50.0,0.0,0
GB5222,2,2024-04-12,2025-05-27,410,0.0,0.0,0.0,0.0,0.0,0.0,90.0,0.0,0
GB5222,2,2024-04-12,2024-05-27,45,0.0,0.0,0.0,0.0,0.0,0.0,90.0,0.0,0
GB6665,2,2025-11-11,2026-01-19,69,0.0,0.0,0.0,0.0,0.0,0.0,85.0,0.0,0
GB6895,2,2025-05-03,2025-08-22,111,0.0,0.0,0.0,0.0,0.0,0.0,0.0,0.0,0
GB6895,2,2025-05-03,2026-08-22,476,0.0,0.0,0.0,0.0,0.0,0.0,0.0,0.0,0
GC1097,3,2024-06-11,2025-11-21,528,0.0,0.0,0.0,0.0,0.0,0.0,80.0,0.0,0
GC1097,3,2024-06-11,2026-11-21,893,0.0,0.0,0.0,0.0,0.0,0.0,80.0,0.0,0
GC1097,3,2024-06-11,2024-11-21,163,0.0,0.0,0.0,0.0,0.0,0.0,80.0,0.0,0
GC2165,3,2024-04-12,2025-03-24,346,0.0,1.0,0.0,0.0,0.0,0.0,90.0,0.0,0
GC2165,3,2024-04-12,2024-03-24,-19,0.0,1.0,0.0,0.0,0.0,0.0,90.0,0.0,0
GC3481,1,2025-02-07,2025-09-25,230,0.0,0.0,0.0,0.0,0.0,0.0,0.0,0.0,0
GC6933,6,2026-06-01,2025-08-22,-283,0.0,0.0,0.0,0.0,0.0,0.0,68.33333333333333,0.0,1
GC6933,6,2026-06-01,2026-08-22,82,0.0,0.0,0.0,0.0,0.0,0.0,68.33333333333333,0.0,1
GC9571,2,2025-12-12,2026-01-19,38,0.0,0.0,0.0,0.0,0.0,0.0,80.0,0.0,0
GD0313,1,2025-05-09,2025-07-27,79,0.0,0.0,0.0,0.0,0.0,0.0,80.0,0.0,0
GD3482,2,2025-03-10,2025-06-19,101,0.0,0.0,0.0,0.0,0.0,0.0,80.0,0.0,0
GD3482,2,2025-03-10,2026-06-19,466,0.0,0.0,0.0,0.0,0.0,0.0,80.0,0.0,0
GD6148,1,2026-07-01,2026-08-19,49,0.0,0.0,0.0,0.0,0.0,0.0,80.0,0.0,0
GD8008,2,2025-04-12,2026-07-19,463,0.0,0.0,0.0,0.0,0.0,0.0,80.0,0.0,0
GD8008,2,2025-04-12,2025-07-19,98,0.0,0.0,0.0,0.0,0.0,0.0,80.0,0.0,0
GE2123,3,2025-07-10,2025-11-22,135,0.0,0.0,0.0,0.0,0.0,0.0,30.0,0.0,0
GE4269,5,2026-07-01,2025-08-19,-316,1.0,1.0,0.0,0.0,0.0,0.0,86.0,0.16666666666666666,1
GE4269,5,2026-07-01,2026-08-19,49,1.0,1.0,0.0,0.0,0.0,0.0,86.0,0.16666666666666666,1
GE6149,1,2026-05-01,2026-08-19,110,0.0,0.0,0.0,0.0,0.0,0.0,90.0,0.0,0
GE7164,2,2025-02-09,2025-08-26,198,0.0,0.0,0.0,0.0,0.0,0.0,82.5,0.0,0
GE7690,2,2024-07-11,2025-07-24,378,0.0,1.0,0.0,0.0,0.0,0.0,90.0,0.0,0
GE7690,2,2024-07-11,2024-07-24,13,0.0,1.0,0.0,0.0,0.0,0.0,90.0,0.0,0
GF0366,1,2024-12-11,2025-05-24,164,0.0,0.0,0.0,0.0,0.0,0.0,80.0,0.0,0
GF1516,1,2024-05-12,2025-04-25,348,0.0,0.0,0.0,0.0,0.0,0.0,100.0,0.0,0
GF3838,1,2025-06-03,2025-07-26,53,0.0,0.0,0.0,0.0,0.0,0.0,90.0,0.0,0
GF4188,2,2025-03-11,2025-08-19,161,0.0,0.0,0.0,0.0,0.0,0.0,80.0,0.0,0
GF4188,2,2025-03-11,2026-08-19,526,0.0,0.0,0.0,0.0,0.0,0.0,80.0,0.0,0
GF5537,1,2025-03-11,2025-07-27,138,0.0,0.0,0.0,0.0,0.0,0.0,90.0,0.0,0
GF5599,1,2024-09-12,2025-07-23,314,0.0,0.0,0.0,0.0,0.0,0.0,70.0,0.0,0
GF7180,1,2025-06-03,2025-12-22,202,0.0,0.0,0.0,0.0,0.0,0.0,50.0,0.0,0
GG2553,1,2025-01-10,2025-08-28,230,0.0,0.0,0.0,0.0,0.0,0.0,90.0,0.0,0
GG3700,1,2024-10-12,2025-01-28,108,0.0,0.0,0.0,0.0,0.0,0.0,90.0,0.0,0
GG7094,3,2024-01-11,2025-09-18,616,0.0,0.0,0.0,0.0,0.0,0.0,70.0,0.0,0
GG7094,3,2024-01-11,2026-09-18,981,0.0,0.0,0.0,0.0,0.0,0.0,70.0,0.0,0
GG7094,3,2024-01-11,2024-09-18,251,0.0,0.0,0.0,0.0,0.0,0.0,70.0,0.0,0
GG9386,2,2025-02-10,2025-04-27,76,0.0,0.0,0.0,0.0,0.0,0.0,75.0,0.0,0
GH1042,3,2025-03-11,2025-11-27,261,0.0,0.0,0.0,0.0,0.0,0.0,70.0,0.0,0
GI9923,16,2025-11-12,2025-09-17,-56,0.0,0.0,0.0,0.0,0.0,0.0,59.375,0.0,1
GI9923,16,2025-11-12,2026-09-17,309,0.0,0.0,0.0,0.0,0.0,0.0,59.375,0.0,1
GI9923,16,2025-11-12,2024-09-17,-421,0.0,0.0,0.0,0.0,0.0,0.0,59.375,0.0,1
GJ0751,1,2024-09-12,2025-01-29,139,0.0,0.0,0.0,0.0,0.0,0.0,85.0,0.0,0
GJ2404,1,2024-07-11,2025-06-23,347,0.0,0.0,0.0,0.0,0.0,0.0,90.0,0.0,0
GJ3448,1,2025-11-03,2026-10-18,349,0.0,0.0,0.0,0.0,0.0,0.0,90.0,0.0,0
GJ6950,2,2025-04-12,2026-08-18,493,0.0,0.0,0.0,0.0,0.0,0.0,80.0,0.0,0
GJ6950,2,2025-04-12,2025-08-18,128,0.0,0.0,0.0,0.0,0.0,0.0,80.0,0.0,0
GJ7925,2,2024-05-12,2025-04-19,342,0.0,0.0,0.0,0.0,0.0,0.0,85.0,0.0,0
GJ7925,2,2024-05-12,2026-04-19,707,0.0,0.0,0.0,0.0,0.0,0.0,85.0,0.0,0
GK5228,1,2024-11-12,2024-12-28,46,0.0,0.0,0.0,0.0,0.0,0.0,80.0,0.0,0
GK8087,2,2025-06-10,2025-06-19,9,0.0,1.0,0.0,0.0,0.0,0.0,90.0,0.0,0
GK8087,2,2025-06-10,2026-06-19,374,0.0,1.0,0.0,0.0,0.0,0.0,90.0,0.0,0
GL1087,2,2025-02-04,2025-02-23,19,0.0,2.0,0.0,0.0,0.0,0.0,85.0,0.0,0
GL4301,1,2026-05-01,2026-11-18,201,0.0,0.0,0.0,0.0,0.0,0.0,80.0,0.0,0
GL4848,3,2024-04-11,2025-10-22,559,0.0,0.0,0.0,0.0,0.0,0.0,0.0,0.0,0
GL4848,3,2024-04-11,2024-10-22,194,0.0,0.0,0.0,0.0,0.0,0.0,0.0,0.0,0
GL4848,3,2024-04-11,2026-10-22,924,0.0,0.0,0.0,0.0,0.0,0.0,0.0,0.0,0
GM3861,1,2024-10-12,2024-12-24,73,0.0,0.0,0.0,0.0,0.0,0.0,85.0,0.0,0
GM4578,9,2025-12-03,2025-10-20,-44,0.0,0.0,0.0,0.0,0.0,0.0,10.0,0.0,1
GM4578,9,2025-12-03,2026-10-20,321,0.0,0.0,0.0,0.0,0.0,0.0,10.0,0.0,1
GM4578,9,2025-12-03,2024-10-20,-409,0.0,0.0,0.0,0.0,0.0,0.0,10.0,0.0,1
GM5295,2,2025-02-06,2025-03-26,48,0.0,0.0,0.0,0.0,0.0,0.0,52.5,0.0,0
GO1796,1,2024-12-11,2025-05-26,166,0.0,0.0,0.0,0.0,0.0,0.0,80.0,0.0,0
GO3813,1,2025-04-07,2025-07-25,109,0.0,0.0,0.0,0.0,0.0,0.0,90.0,0.0,0
GP9964,1,2025-05-08,2025-11-25,201,0.0,0.0,0.0,0.0,0.0,0.0,65.0,0.0,0
GQ0154,1,2025-04-02,2025-10-25,206,0.0,0.0,0.0,0.0,0.0,0.0,80.0,0.0,0
GQ0173,1,2025-02-09,2025-03-26,45,0.0,0.0,0.0,0.0,0.0,0.0,80.0,0.0,0
GQ0683,1,2025-03-10,2025-05-28,79,0.0,0.0,0.0,0.0,0.0,0.0,80.0,0.0,0
GQ1069,4,2025-06-11,2025-08-20,70,0.0,0.0,0.0,0.0,0.0,0.0,90.0,0.0,1
GQ1069,4,2025-06-11,2026-08-20,435,0.0,0.0,0.0,0.0,0.0,0.0,90.0,0.0,1
GQ5686,1,2025-02-10,2025-05-26,105,0.0,0.0,0.0,0.0,0.0,0.0,80.0,0.0,0
GQ6996,2,2024-09-12,2025-11-20,434,0.0,0.0,0.0,0.0,0.0,0.0,80.0,0.0,0
GQ6996,2,2024-09-12,2024-11-20,69,0.0,0.0,0.0,0.0,0.0,0.0,80.0,0.0,0
GR3749,1,2025-01-04,2025-03-28,83,0.0,0.0,0.0,0.0,0.0,0.0,80.0,0.0,0
GR6243,1,2024-05-11,2025-03-23,316,0.0,0.0,0.0,0.0,0.0,0.0,90.0,0.0,0
GR8083,1,2025-01-07,2025-04-23,106,0.0,0.0,0.0,0.0,0.0,0.0,90.0,0.0,0
GS0680,2,2025-03-11,2026-04-17,402,0.0,0.0,0.0,0.0,0.0,0.0,90.0,0.0,0
GS0680,2,2025-03-11,2025-04-17,37,0.0,0.0,0.0,0.0,0.0,0.0,90.0,0.0,0
GS0958,1,2025-06-01,2025-09-27,118,0.0,0.0,0.0,0.0,0.0,0.0,85.0,0.0,0
GS6096,2,2024-05-12,2024-05-28,16,0.0,1.0,0.0,0.0,0.0,0.0,80.0,0.0,0
GS6096,2,2024-05-12,2025-05-28,381,0.0,1.0,0.0,0.0,0.0,0.0,80.0,0.0,0
GS8031,5,2024-09-12,2025-07-20,311,0.0,0.0,0.0,0.0,0.0,0.0,82.0,0.0,1
GS8031,5,2024-09-12,2026-07-20,676,0.0,0.0,0.0,0.0,0.0,0.0,82.0,0.0,1
GS8031,5,2024-09-12,2024-07-20,-54,0.0,0.0,0.0,0.0,0.0,0.0,82.0,0.0,1
GT3698,1,2025-02-12,2025-08-23,192,0.0,0.0,0.0,0.0,0.0,0.0,80.0,0.0,0
GT8066,1,2025-02-06,2025-06-26,140,0.0,0.0,0.0,0.0,0.0,0.0,80.0,0.0,0
GU0217,2,2025-04-11,2025-04-19,8,0.0,1.0,0.0,0.0,0.0,0.0,80.0,0.0,0
GU0217,2,2025-04-11,2026-04-19,373,0.0,1.0,0.0,0.0,0.0,0.0,80.0,0.0,0
GU0456,3,2025-07-02,2025-04-19,-74,0.0,0.0,0.0,0.0,0.0,0.0,55.0,0.0,0
GU0456,3,2025-07-02,2026-04-19,291,0.0,0.0,0.0,0.0,0.0,0.0,55.0,0.0,0
GU1796,3,2025-06-11,2025-07-25,44,0.0,0.0,0.0,0.0,0.0,0.0,63.333333333333336,0.0,0
GU4404,1,2025-12-02,2026-04-19,138,0.0,0.0,0.0,0.0,0.0,0.0,90.0,0.0,0
GU5431,1,2024-06-12,2025-07-28,411,0.0,0.0,0.0,0.0,0.0,0.0,70.0,0.0,0
GU6109,1,2025-06-10,2025-07-29,49,0.0,0.0,0.0,0.0,0.0,0.0,90.0,0.0,0
GU7166,2,2025-09-12,2025-11-21,70,0.0,0.0,0.0,0.0,0.0,0.0,80.0,0.0,0
GU7166,2,2025-09-12,2026-11-21,435,0.0,0.0,0.0,0.0,0.0,0.0,80.0,0.0,0
GV6374,2,2024-06-11,2025-05-19,342,0.0,0.0,0.0,0.0,0.0,0.0,95.0,0.0,0
GV6374,2,2024-06-11,2026-05-19,707,0.0,0.0,0.0,0.0,0.0,0.0,95.0,0.0,0
GW5629,2,2025-01-12,2026-07-18,552,0.0,0.0,0.0,0.0,0.0,0.0,90.0,0.0,0
GW5629,2,2025-01-12,2025-07-18,187,0.0,0.0,0.0,0.0,0.0,0.0,90.0,0.0,0
GW6806,1,2025-03-11,2025-11-20,254,0.0,0.0,0.0,0.0,0.0,0.0,80.0,0.0,0
GW6985,2,2025-04-03,2025-07-20,108,0.0,0.0,0.0,0.0,0.0,0.0,0.0,0.0,0
GW6985,2,2025-04-03,2026-07-20,473,0.0,0.0,0.0,0.0,0.0,0.0,0.0,0.0,0
GW7109,2,2024-07-11,2025-03-21,253,0.0,0.0,0.0,0.0,0.0,0.0,90.0,0.0,0
GW7109,2,2024-07-11,2026-03-21,618,0.0,0.0,0.0,0.0,0.0,0.0,90.0,0.0,0
GW7164,1,2025-04-04,2025-07-25,112,0.0,0.0,0.0,0.0,0.0,0.0,90.0,0.0,0
GW8600,1,2025-07-02,2025-07-29,27,0.0,1.0,0.0,0.0,0.0,0.0,85.0,0.0,0
GX0392,4,2024-05-12,2025-06-25,409,0.0,0.0,0.0,0.0,0.0,0.0,82.5,0.0,1
GX0392,4,2024-05-12,2024-06-25,44,0.0,0.0,0.0,0.0,0.0,0.0,82.5,0.0,1
GX7634,2,2024-05-11,2025-09-24,501,0.0,0.0,0.0,0.0,0.0,0.0,60.0,0.0,0
GX7634,2,2024-05-11,2024-09-24,136,0.0,0.0,0.0,0.0,0.0,0.0,60.0,0.0,0
GY1688,1,2025-02-12,2026-01-20,342,0.0,0.0,0.0,0.0,0.0,0.0,80.0,0.0,0
GY1847,1,2025-03-09,2025-04-25,47,0.0,0.0,0.0,0.0,0.0,0.0,90.0,0.0,0
GY2750,3,2024-05-12,2025-11-21,558,0.0,0.0,0.0,0.0,0.0,0.0,90.0,0.0,0
GY2750,3,2024-05-12,2026-11-21,923,0.0,0.0,0.0,0.0,0.0,0.0,90.0,0.0,0
GY2750,3,2024-05-12,2024-11-21,193,0.0,0.0,0.0,0.0,0.0,0.0,90.0,0.0,0
GZ1776,5,2024-10-12,2025-09-24,347,0.0,0.0,0.0,0.0,0.0,0.0,64.0,0.0,1
GZ1776,5,2024-10-12,2024-09-24,-18,0.0,0.0,0.0,0.0,0.0,0.0,64.0,0.0,1
GZ4460,2,2025-06-01,2025-08-27,87,0.0,0.0,0.0,0.0,0.0,0.0,90.0,0.0,0
HA0032,2,2025-05-12,2025-10-28,169,0.0,0.0,0.0,0.0,0.0,0.0,85.0,0.0,0
HA0091,3,2025-08-04,2026-04-21,260,0.0,0.0,0.0,0.0,0.0,0.0,55.0,0.0,0
HA1887,1,2024-12-12,2025-06-22,192,0.0,0.0,0.0,0.0,0.0,0.0,90.0,0.0,0
HA5827,2,2025-01-10,2025-08-18,220,0.0,0.0,0.0,0.0,0.0,0.0,0.0,0.0,0
HA5827,2,2025-01-10,2026-08-18,585,0.0,0.0,0.0,0.0,0.0,0.0,0.0,0.0,0
HA8934,2,2024-05-11,2025-06-23,408,0.0,0.0,0.0,0.0,0.0,0.0,85.0,0.0,0
HA8934,2,2024-05-11,2024-06-23,43,0.0,0.0,0.0,0.0,0.0,0.0,85.0,0.0,0
HB0802,1,2025-03-02,2025-08-27,178,0.0,0.0,0.0,0.0,0.0,0.0,0.0,0.0,0
HB1347,3,2025-12-02,2025-06-19,-166,0.0,0.0,0.0,0.0,0.0,0.0,88.33333333333333,0.0,0
HB1347,3,2025-12-02,2026-06-19,199,0.0,0.0,0.0,0.0,0.0,0.0,88.33333333333333,0.0,0
HB6242,1,2025-03-11,2025-11-23,257,0.0,0.0,0.0,0.0,0.0,0.0,90.0,0.0,0
HB7994,1,2024-02-12,2025-01-28,351,0.0,0.0,0.0,0.0,0.0,0.0,80.0,0.0,0
HC2796,3,2025-09-01,2025-08-22,-10,0.0,0.0,0.0,0.0,0.0,0.0,90.0,0.0,0
HC2796,3,2025-09-01,2026-08-22,355,0.0,0.0,0.0,0.0,0.0,0.0,90.0,0.0,0
HD1730,2,2024-06-11,2025-08-21,436,0.0,0.0,0.0,0.0,0.0,0.0,0.0,0.0,0
HD1730,2,2024-06-11,2024-08-21,71,0.0,0.0,0.0,0.0,0.0,0.0,0.0,0.0,0
HD2356,1,2025-02-09,2025-10-28,261,0.0,0.0,0.0,0.0,0.0,0.0,80.0,0.0,0
HD2595,2,2025-06-10,2025-11-19,162,0.0,0.0,0.0,0.0,0.0,0.0,80.0,0.0,0
HD2834,5,2025-08-12,2025-02-18,-175,0.0,0.0,0.0,0.0,0.0,0.0,85.0,0.0,1
HD2834,5,2025-08-12,2026-02-18,190,0.0,0.0,0.0,0.0,0.0,0.0,85.0,0.0,1
HD3299,1,2025-08-12,2025-11-23,103,0.0,0.0,0.0,0.0,0.0,0.0,90.0,0.0,0
HD3567,2,2025-03-02,2026-06-19,474,0.0,0.0,0.0,0.0,0.0,0.0,80.0,0.0,0
HD3567,2,2025-03-02,2025-06-19,109,0.0,0.0,0.0,0.0,0.0,0.0,80.0,0.0,0
HE7047,1,2025-03-11,2025-11-28,262,0.0,0.0,0.0,0.0,0.0,0.0,90.0,0.0,0
HF4211,1,2024-07-11,2025-04-27,290,0.0,0.0,0.0,0.0,0.0,0.0,30.0,0.0,0
HF6088,1,2025-10-02,2026-04-19,199,0.0,0.0,0.0,0.0,0.0,0.0,85.0,0.0,0
HF6362,1,2025-07-01,2025-07-27,26,0.0,1.0,0.0,0.0,0.0,0.0,100.0,0.0,0
HG5147,4,2025-07-10,2025-08-25,46,0.0,0.0,0.0,0.0,0.0,0.0,76.25,0.0,1
HG5147,4,2025-07-10,2024-08-25,-319,0.0,0.0,0.0,0.0,0.0,0.0,76.25,0.0,1
HG5816,1,2025-08-01,2026-04-20,262,0.0,0.0,0.0,0.0,0.0,0.0,0.0,0.0,0
HG7020,2,2025-10-04,2025-11-24,51,0.0,0.0,0.0,0.0,0.0,0.0,0.0,0.0,0
HG7861,1,2024-02-12,2025-01-21,344,0.0,0.0,0.0,0.0,0.0,0.0,100.0,0.0,0
HH3570,2,2025-01-04,2025-02-20,47,0.0,0.0,0.0,0.0,0.0,0.0,87.5,0.0,0
HH7636,3,2025-08-04,2025-10-28,85,0.0,0.0,0.0,0.0,0.0,0.0,85.0,0.0,0
HI0343,4,2025-09-12,2025-11-28,77,0.0,0.0,0.0,0.0,0.0,0.0,62.5,0.0,1
HI1112,1,2024-12-12,2025-06-28,198,0.0,0.0,0.0,0.0,0.0,0.0,0.0,0.0,0
HI1351,1,2024-10-12,2025-04-23,193,0.0,0.0,0.0,0.0,0.0,0.0,80.0,0.0,0
HI2077,1,2025-05-08,2025-08-25,109,0.0,0.0,0.0,0.0,0.0,0.0,80.0,0.0,0
HI3024,2,2024-12-11,2025-04-21,131,0.0,0.0,0.0,0.0,0.0,0.0,90.0,0.0,0
HI3024,2,2024-12-11,2026-04-21,496,0.0,0.0,0.0,0.0,0.0,0.0,90.0,0.0,0
HI8521,3,2025-08-12,2026-07-20,342,0.0,0.0,0.0,0.0,0.0,0.0,76.66666666666667,0.0,0
HI8521,3,2025-08-12,2025-07-20,-23,0.0,0.0,0.0,0.0,0.0,0.0,76.66666666666667,0.0,0
HJ5058,2,2025-03-01,2026-10-18,596,0.0,0.0,0.0,0.0,0.0,0.0,30.0,0.0,0
HJ5058,2,2025-03-01,2025-10-18,231,0.0,0.0,0.0,0.0,0.0,0.0,30.0,0.0,0
HJ8798,1,2025-10-10,2026-02-18,131,0.0,0.0,0.0,0.0,0.0,0.0,90.0,0.0,0
HK0610,2,2024-09-12,2025-03-19,188,0.0,0.0,0.0,0.0,0.0,0.0,0.0,0.0,0
HK0610,2,2024-09-12,2026-03-19,553,0.0,0.0,0.0,0.0,0.0,0.0,0.0,0.0,0
HK0975,2,2024-11-12,2025-03-20,128,0.0,0.0,0.0,0.0,0.0,0.0,90.0,0.0,0
HK0975,2,2024-11-12,2026-03-20,493,0.0,0.0,0.0,0.0,0.0,0.0,90.0,0.0,0
HK1702,2,2025-12-03,2026-06-21,200,0.0,0.0,0.0,0.0,0.0,0.0,85.0,0.0,0
HK2975,1,2024-05-12,2025-03-29,321,0.0,0.0,0.0,0.0,0.0,0.0,90.0,0.0,0
HK4106,5,2025-11-12,2025-10-18,-25,0.0,0.0,0.0,0.0,0.0,0.0,86.0,0.0,1
HK4106,5,2025-11-12,2026-10-18,340,0.0,0.0,0.0,0.0,0.0,0.0,86.0,0.0,1
HK4410,1,2025-10-02,2026-07-20,291,0.0,0.0,0.0,0.0,0.0,0.0,80.0,0.0,0
HK6181,1,2025-10-06,2025-11-25,50,0.0,0.0,0.0,0.0,0.0,0.0,80.0,0.0,0
HK9889,1,2025-02-06,2025-05-23,106,0.0,0.0,0.0,0.0,0.0,0.0,90.0,0.0,0
HL2660,1,2025-06-02,2025-11-26,177,0.0,0.0,0.0,0.0,0.0,0.0,0.0,0.0,0
HL9956,2,2024-03-12,2025-07-28,503,0.0,0.0,0.0,0.0,0.0,0.0,80.0,0.0,0
HL9956,2,2024-03-12,2024-07-28,138,0.0,0.0,0.0,0.0,0.0,0.0,80.0,0.0,0
HM1205,1,2025-12-11,2026-08-20,252,0.0,0.0,0.0,0.0,0.0,0.0,70.0,0.0,0
HM3193,2,2025-01-10,2025-03-22,71,0.0,0.0,0.0,0.0,0.0,0.0,80.0,0.0,0
HM3193,2,2025-01-10,2026-03-22,436,0.0,0.0,0.0,0.0,0.0,0.0,80.0,0.0,0
HM5339,2,2025-03-02,2025-04-26,55,0.0,0.0,0.0,0.0,0.0,0.0,70.0,0.0,0
HN5976,1,2025-09-04,2025-09-25,21,0.0,1.0,0.0,0.0,0.0,0.0,90.0,0.0,0
HN9523,1,2024-06-12,2025-03-27,288,0.0,0.0,0.0,0.0,0.0,0.0,30.0,0.0,0
HO3817,2,2025-08-10,2025-10-18,69,0.0,0.0,0.0,0.0,0.0,0.0,50.0,0.0,0
HO3817,2,2025-08-10,2026-10-18,434,0.0,0.0,0.0,0.0,0.0,0.0,50.0,0.0,0
HO3969,3,2025-02-12,2025-10-27,257,0.0,0.0,0.0,0.0,0.0,0.0,90.0,0.0,0
HO3969,3,2025-02-12,2024-10-27,-108,0.0,0.0,0.0,0.0,0.0,0.0,90.0,0.0,0
HO4046,2,2025-10-10,2025-11-27,48,0.0,0.0,0.0,0.0,0.0,0.0,60.0,0.0,0
HP2120,2,2025-06-01,2025-06-22,21,0.0,1.0,0.0,0.0,0.0,0.0,82.5,0.0,0
HP4910,1,2025-07-07,2025-10-29,114,0.0,0.0,0.0,0.0,0.0,0.0,90.0,0.0,0
HP7306,1,2025-08-01,2025-09-17,47,0.0,0.0,0.0,0.0,0.0,0.0,90.0,0.0,0
HP9644,1,2025-04-08,2025-10-25,200,0.0,0.0,0.0,0.0,0.0,0.0,80.0,0.0,0
HQ2296,3,2025-04-02,2025-05-23,51,0.0,0.0,0.0,0.0,0.0,0.0,85.0,0.0,0
HQ5882,1,2025-02-09,2025-06-25,136,0.0,0.0,0.0,0.0,0.0,0.0,85.0,0.0,0
HQ6568,2,2025-06-03,2025-10-22,141,0.0,0.0,0.0,0.0,0.0,0.0,90.0,0.0,0
HQ6568,2,2025-06-03,2026-10-22,506,0.0,0.0,0.0,0.0,0.0,0.0,90.0,0.0,0
HQ9303,2,2025-03-11,2025-09-19,192,0.0,0.0,0.0,0.0,0.0,0.0,85.0,0.0,0
HQ9303,2,2025-03-11,2026-09-19,557,0.0,0.0,0.0,0.0,0.0,0.0,85.0,0.0,0
HQ9781,2,2025-03-11,2025-04-17,37,0.0,0.0,0.0,0.0,0.0,0.0,80.0,0.0,0
HQ9781,2,2025-03-11,2026-04-17,402,0.0,0.0,0.0,0.0,0.0,0.0,80.0,0.0,0
HR2516,1,2025-05-03,2025-05-23,20,0.0,1.0,0.0,0.0,0.0,0.0,80.0,0.0,0
HR3499,2,2025-07-07,2025-07-25,18,0.0,1.0,0.0,0.0,0.0,0.0,40.0,0.0,0
HR3977,2,2025-09-04,2025-10-23,49,0.0,0.0,0.0,0.0,0.0,0.0,80.0,0.0,0
HR8629,4,2024-10-12,2025-03-19,158,0.0,0.0,0.0,0.0,0.0,0.0,45.0,0.0,1
HR8629,4,2024-10-12,2026-03-19,523,0.0,0.0,0.0,0.0,0.0,0.0,45.0,0.0,1
HR9925,1,2025-01-04,2025-01-24,20,0.0,1.0,0.0,0.0,0.0,0.0,80.0,0.0,0
HR9932,4,2025-10-11,2025-08-19,-53,0.0,0.0,0.0,0.0,0.0,0.0,75.0,0.0,1
HR9932,4,2025-10-11,2026-08-19,312,0.0,0.0,0.0,0.0,0.0,0.0,75.0,0.0,1
HR9932,4,2025-10-11,2024-08-19,-418,0.0,0.0,0.0,0.0,0.0,0.0,75.0,0.0,1
HS0078,1,2025-07-03,2026-02-19,231,0.0,0.0,0.0,0.0,0.0,0.0,90.0,0.0,0
HS2163,6,2025-11-12,2025-08-21,-83,0.0,0.0,0.0,0.0,0.0,0.0,73.33333333333333,0.0,1
HS2163,6,2025-11-12,2026-08-21,282,0.0,0.0,0.0,0.0,0.0,0.0,73.33333333333333,0.0,1
HS2204,2,2025-02-10,2025-03-20,38,0.0,0.0,0.0,0.0,0.0,0.0,0.0,0.0,0
HS2204,2,2025-02-10,2026-03-20,403,0.0,0.0,0.0,0.0,0.0,0.0,0.0,0.0,0
HS6968,1,2025-11-09,2025-11-25,16,0.0,1.0,0.0,0.0,0.0,0.0,0.0,0.0,0
HS8682,2,2024-08-11,2024-08-28,17,0.0,1.0,0.0,0.0,0.0,0.0,85.0,0.0,0
HS8682,2,2024-08-11,2025-08-28,382,0.0,1.0,0.0,0.0,0.0,0.0,85.0,0.0,0
HT0319,2,2024-11-12,2025-08-22,283,0.0,0.0,0.0,0.0,0.0,0.0,0.0,0.0,0
HT0319,2,2024-11-12,2026-08-22,648,0.0,0.0,0.0,0.0,0.0,0.0,0.0,0.0,0
HT1158,1,2025-04-07,2025-06-23,77,0.0,0.0,0.0,0.0,0.0,0.0,0.0,0.0,0
HT4026,2,2025-04-11,2025-10-24,196,0.0,0.0,0.0,0.0,0.0,0.0,90.0,0.0,0
HT6422,1,2025-06-08,2025-08-26,79,0.0,0.0,0.0,0.0,0.0,0.0,85.0,0.0,0
HT6894,2,2025-02-07,2025-03-24,45,0.0,0.0,0.0,0.0,0.0,0.0,45.0,0.0,0
HT8806,1,2025-04-02,2025-09-22,173,0.0,0.0,0.0,0.0,0.0,0.0,80.0,0.0,0
HT9967,1,2025-08-12,2025-12-21,131,0.0,0.0,0.0,0.0,0.0,0.0,80.0,0.0,0
HU1913,3,2025-02-04,2025-09-23,231,0.0,0.0,0.0,0.0,0.0,0.0,30.0,0.0,0
HU7410,1,2024-08-11,2024-12-23,134,0.0,0.0,0.0,0.0,0.0,0.0,60.0,0.0,0
HV2990,5,2025-09-12,2025-11-18,67,1.0,1.0,0.0,0.0,0.0,0.0,80.0,0.16666666666666666,1
HV2990,5,2025-09-12,2026-11-18,432,1.0,1.0,0.0,0.0,0.0,0.0,80.0,0.16666666666666666,1
HV2990,5,2025-09-12,2024-11-18,-298,1.0,1.0,0.0,0.0,0.0,0.0,80.0,0.16666666666666666,1
HV3996,4,2025-03-01,2025-08-22,174,0.0,0.0,0.0,0.0,0.0,0.0,95.0,0.0,1
HV3996,4,2025-03-01,2026-08-22,539,0.0,0.0,0.0,0.0,0.0,0.0,95.0,0.0,1
HV7820,1,2025-11-11,2026-06-21,222,0.0,0.0,0.0,0.0,0.0,0.0,90.0,0.0,0
HW2600,2,2026-05-01,2026-11-18,201,0.0,0.0,0.0,0.0,0.0,0.0,45.0,0.0,0
HW6185,1,2025-05-06,2025-09-22,139,0.0,0.0,0.0,0.0,0.0,0.0,90.0,0.0,0
HX4417,2,2025-03-12,2025-03-23,11,0.0,1.0,0.0,0.0,0.0,0.0,90.0,0.0,0
HX5046,1,2024-09-12,2025-05-25,255,0.0,0.0,0.0,0.0,0.0,0.0,90.0,0.0,0
HY3765,2,2025-04-03,2025-08-20,139,0.0,0.0,0.0,0.0,0.0,0.0,50.0,0.0,0
HY3765,2,2025-04-03,2026-08-20,504,0.0,0.0,0.0,0.0,0.0,0.0,50.0,0.0,0
HY4184,2,2024-01-11,2025-03-24,438,0.0,0.0,0.0,0.0,0.0,0.0,80.0,0.0,0
HY4184,2,2024-01-11,2024-03-24,73,0.0,0.0,0.0,0.0,0.0,0.0,80.0,0.0,0
HY6827,1,2025-03-09,2025-06-25,108,0.0,0.0,0.0,0.0,0.0,0.0,70.0,0.0,0
HY8416,2,2025-01-12,2025-10-20,281,0.0,0.0,0.0,0.0,0.0,0.0,70.0,0.0,0
HY8416,2,2025-01-12,2026-10-20,646,0.0,0.0,0.0,0.0,0.0,0.0,70.0,0.0,0
HZ5927,1,2025-02-07,2025-11-24,290,0.0,0.0,0.0,0.0,0.0,0.0,80.0,0.0,0
HZ7517,1,2025-03-06,2025-07-24,140,0.0,0.0,0.0,0.0,0.0,0.0,80.0,0.0,0
HZ7744,3,2025-06-10,2024-12-21,-171,0.0,0.0,0.0,0.0,0.0,0.0,83.33333333333333,0.0,0
HZ7744,3,2025-06-10,2025-12-21,194,0.0,0.0,0.0,0.0,0.0,0.0,83.33333333333333,0.0,0
IA2141,1,2025-01-10,2025-08-23,225,0.0,0.0,0.0,0.0,0.0,0.0,0.0,0.0,0
IA2619,1,2025-07-01,2025-10-23,114,0.0,0.0,0.0,0.0,0.0,0.0,90.0,0.0,0
IA2771,2,2024-11-11,2025-05-28,198,0.0,0.0,0.0,0.0,0.0,0.0,85.0,0.0,0
IA2991,3,2024-12-11,2025-09-25,288,0.0,0.0,0.0,0.0,0.0,0.0,80.0,0.0,0
IA2991,3,2024-12-11,2024-09-25,-77,0.0,0.0,0.0,0.0,0.0,0.0,80.0,0.0,0
IA9899,1,2024-05-11,2025-09-26,503,0.0,0.0,0.0,0.0,0.0,0.0,80.0,0.0,0
IB0180,2,2024-06-11,2025-01-19,222,0.0,0.0,0.0,0.0,0.0,0.0,85.0,0.0,0
IB0180,2,2024-06-11,2026-01-19,587,0.0,0.0,0.0,0.0,0.0,0.0,85.0,0.0,0
IB1322,2,2025-07-04,2025-08-27,54,0.0,0.0,0.0,0.0,0.0,0.0,35.0,0.0,0
IB4676,2,2025-04-04,2025-04-26,22,0.0,1.0,0.0,0.0,0.0,0.0,42.5,0.0,0
IC2743,1,2025-08-12,2026-03-20,220,0.0,0.0,0.0,0.0,0.0,0.0,80.0,0.0,0
IC4368,2,2025-07-05,2025-08-23,49,0.0,0.0,0.0,0.0,0.0,0.0,85.0,0.0,0
IC4607,1,2025-07-10,2025-09-22,74,0.0,0.0,0.0,0.0,0.0,0.0,85.0,0.0,0
IC5317,2,2024-07-11,2025-10-28,474,0.0,0.0,0.0,0.0,0.0,0.0,60.0,0.0,0
IC5317,2,2024-07-11,2024-10-28,109,0.0,0.0,0.0,0.0,0.0,0.0,60.0,0.0,0
ID0821,3,2025-09-06,2025-10-23,47,0.0,0.0,0.0,0.0,0.0,0.0,73.33333333333333,0.0,0
ID3689,2,2025-05-11,2025-10-23,165,0.0,0.0,0.0,0.0,0.0,0.0,45.0,0.0,0
ID6919,2,2025-03-11,2025-04-18,38,0.0,0.0,0.0,0.0,0.0,0.0,80.0,0.0,0
ID6919,2,2025-03-11,2026-04-18,403,0.0,0.0,0.0,0.0,0.0,0.0,80.0,0.0,0
ID8431,2,2026-05-01,2026-07-18,78,0.0,0.0,0.0,0.0,0.0,0.0,45.0,0.0,0
ID8708,1,2025-09-06,2025-11-22,77,0.0,0.0,0.0,0.0,0.0,0.0,80.0,0.0,0
ID9357,1,2024-12-11,2025-11-27,351,0.0,0.0,0.0,0.0,0.0,0.0,70.0,0.0,0
IE0686,1,2025-01-09,2025-06-26,168,0.0,0.0,0.0,0.0,0.0,0.0,80.0,0.0,0
IE0825,2,2025-02-06,2025-05-22,105,0.0,0.0,0.0,0.0,0.0,0.0,80.0,0.0,0
IE0825,2,2025-02-06,2026-05-22,470,0.0,0.0,0.0,0.0,0.0,0.0,80.0,0.0,0
IE5666,1,2025-01-08,2025-05-28,140,0.0,0.0,0.0,0.0,0.0,0.0,60.0,0.0,0
IE8640,1,2025-05-02,2025-11-24,206,0.0,0.0,0.0,0.0,0.0,0.0,80.0,0.0,0
IF3688,1,2025-01-05,2025-02-26,52,0.0,0.0,0.0,0.0,0.0,0.0,90.0,0.0,0
IF8200,1,2025-05-03,2025-06-25,53,0.0,0.0,0.0,0.0,0.0,0.0,0.0,0.0,0
IG5025,2,2025-03-01,2025-04-17,47,0.0,0.0,0.0,0.0,0.0,0.0,0.0,0.0,0
IG5025,2,2025-03-01,2026-04-17,412,0.0,0.0,0.0,0.0,0.0,0.0,0.0,0.0,0
IH3151,3,2025-07-11,2025-05-22,-50,0.0,0.0,0.0,0.0,0.0,0.0,90.0,0.0,0
IH3151,3,2025-07-11,2026-05-22,315,0.0,0.0,0.0,0.0,0.0,0.0,90.0,0.0,0
IH7320,6,2024-06-12,2026-06-19,737,1.0,2.0,0.0,0.0,0.0,0.0,85.0,0.14285714285714285,1
IH7320,6,2024-06-12,2025-06-19,372,1.0,2.0,0.0,0.0,0.0,0.0,85.0,0.14285714285714285,1
IH7320,6,2024-06-12,2024-06-19,7,1.0,2.0,0.0,0.0,0.0,0.0,85.0,0.14285714285714285,1
II3189,1,2025-06-05,2025-07-25,50,0.0,0.0,0.0,0.0,0.0,0.0,80.0,0.0,0
II3628,3,2025-03-12,2025-01-21,-50,0.0,0.0,0.0,0.0,0.0,0.0,0.0,0.0,0
II3628,3,2025-03-12,2026-01-21,315,0.0,0.0,0.0,0.0,0.0,0.0,0.0,0.0,0
II7037,1,2025-05-08,2025-06-25,48,0.0,0.0,0.0,0.0,0.0,0.0,90.0,0.0,0
II9509,3,2025-02-10,2025-10-26,258,0.0,0.0,0.0,0.0,0.0,0.0,83.33333333333333,0.0,0
II9509,3,2025-02-10,2024-10-26,-107,0.0,0.0,0.0,0.0,0.0,0.0,83.33333333333333,0.0,0
IJ0571,1,2024-12-11,2025-03-24,103,0.0,0.0,0.0,0.0,0.0,0.0,80.0,0.0,0
IJ6813,2,2025-07-01,2026-08-20,415,0.0,0.0,0.0,0.0,0.0,0.0,90.0,0.0,0
IJ6813,2,2025-07-01,2025-08-20,50,0.0,0.0,0.0,0.0,0.0,0.0,90.0,0.0,0
IJ9547,1,2025-03-06,2025-03-28,22,0.0,1.0,0.0,0.0,0.0,0.0,90.0,0.0,0
IK3500,1,2025-04-12,2025-09-26,167,0.0,0.0,0.0,0.0,0.0,0.0,90.0,0.0,0
IL0006,4,2024-04-11,2025-01-20,284,0.0,0.0,0.0,0.0,0.0,0.0,40.0,0.0,1
IL0006,4,2024-04-11,2026-01-20,649,0.0,0.0,0.0,0.0,0.0,0.0,40.0,0.0,1
IL2931,2,2025-03-04,2025-03-22,18,0.0,1.0,0.0,0.0,0.0,0.0,80.0,0.0,0
IL2931,2,2025-03-04,2026-03-22,383,0.0,1.0,0.0,0.0,0.0,0.0,80.0,0.0,0
IL5927,1,2025-03-09,2025-08-26,170,0.0,0.0,0.0,0.0,0.0,0.0,100.0,0.0,0
IL7463,1,2025-06-06,2025-06-28,22,0.0,1.0,0.0,0.0,0.0,0.0,90.0,0.0,0
IL9278,1,2025-08-05,2025-10-23,79,0.0,0.0,0.0,0.0,0.0,0.0,90.0,0.0,0
IM9050,2,2024-01-11,2025-01-24,379,0.0,1.0,0.0,0.0,0.0,0.0,80.0,0.0,0
IM9050,2,2024-01-11,2024-01-24,13,0.0,1.0,0.0,0.0,0.0,0.0,80.0,0.0,0
IN0723,1,2024-09-12,2024-12-25,104,0.0,0.0,0.0,0.0,0.0,0.0,50.0,0.0,0
IN1945,4,2025-02-06,2025-03-23,45,0.0,0.0,0.0,0.0,0.0,0.0,61.25,0.0,1
IN7203,1,2024-05-12,2024-12-18,220,0.0,0.0,0.0,0.0,0.0,0.0,80.0,0.0,0
IN7575,3,2025-07-07,2025-10-26,111,0.0,0.0,0.0,0.0,0.0,0.0,83.33333333333333,0.0,0
IO1561,2,2025-03-11,2025-11-21,255,0.0,0.0,0.0,0.0,0.0,0.0,60.0,0.0,0
IO1561,2,2025-03-11,2026-11-21,620,0.0,0.0,0.0,0.0,0.0,0.0,60.0,0.0,0
IO1850,1,2025-04-03,2025-10-25,205,0.0,0.0,0.0,0.0,0.0,0.0,90.0,0.0,0
IO2195,1,2024-07-11,2025-03-24,256,0.0,0.0,0.0,0.0,0.0,0.0,90.0,0.0,0
IO3365,6,2025-07-01,2025-09-18,79,0.0,0.0,0.0,0.0,0.0,0.0,75.0,0.0,1
IO3365,6,2025-07-01,2026-09-18,444,0.0,0.0,0.0,0.0,0.0,0.0,75.0,0.0,1
IO4312,1,2025-03-06,2025-04-22,47,0.0,0.0,0.0,0.0,0.0,0.0,80.0,0.0,0
IO4479,2,2025-02-07,2025-09-28,233,0.0,0.0,0.0,0.0,0.0,0.0,85.0,0.0,0
IO6763,1,2025-09-07,2025-10-25,48,0.0,0.0,0.0,0.0,0.0,0.0,85.0,0.0,0
IP3800,2,2025-04-07,2025-09-28,174,0.0,0.0,0.0,0.0,0.0,0.0,45.0,0.0,0
IP8350,2,2025-06-05,2025-08-22,78,0.0,0.0,0.0,0.0,0.0,0.0,80.0,0.0,0
IP8350,2,2025-06-05,2026-08-22,443,0.0,0.0,0.0,0.0,0.0,0.0,80.0,0.0,0
IP8465,1,2025-02-07,2025-03-28,49,0.0,0.0,0.0,0.0,0.0,0.0,80.0,0.0,0
IP9598,1,2024-11-11,2025-05-23,193,0.0,0.0,0.0,0.0,0.0,0.0,85.0,0.0,0
IP9775,1,2025-03-07,2025-10-29,236,0.0,0.0,0.0,0.0,0.0,0.0,80.0,0.0,0
IQ2404,1,2025-04-02,2025-09-22,173,0.0,0.0,0.0,0.0,0.0,0.0,90.0,0.0,0
IQ2519,9,2025-02-12,2025-06-21,129,0.0,0.0,0.0,0.0,0.0,0.0,86.66666666666667,0.0,1
IQ2519,9,2025-02-12,2026-06-21,494,0.0,0.0,0.0,0.0,0.0,0.0,86.66666666666667,0.0,1
IQ2519,9,2025-02-12,2024-06-21,-236,0.0,0.0,0.0,0.0,0.0,0.0,86.66666666666667,0.0,1
IQ3227,1,2025-01-10,2025-07-24,195,0.0,0.0,0.0,0.0,0.0,0.0,90.0,0.0,0
IQ5660,1,2025-06-08,2025-06-25,17,0.0,1.0,0.0,0.0,0.0,0.0,80.0,0.0,0
IQ8379,1,2025-08-01,2026-06-18,321,0.0,0.0,0.0,0.0,0.0,0.0,0.0,0.0,0
IR1427,1,2025-03-11,2025-03-29,18,0.0,1.0,0.0,0.0,0.0,0.0,80.0,0.0,0
IR3292,2,2025-05-12,2025-06-27,46,0.0,0.0,0.0,0.0,0.0,0.0,80.0,0.0,0
IR3801,2,2025-07-03,2025-07-22,19,0.0,1.0,0.0,0.0,0.0,0.0,80.0,0.0,0
IR3801,2,2025-07-03,2026-07-22,384,0.0,1.0,0.0,0.0,0.0,0.0,80.0,0.0,0
IR6636,1,2024-09-12,2025-02-23,164,0.0,0.0,0.0,0.0,0.0,0.0,90.0,0.0,0
IR7158,1,2025-01-10,2025-11-28,322,0.0,0.0,0.0,0.0,0.0,0.0,80.0,0.0,0
IR7594,4,2025-09-12,2025-12-18,97,0.0,0.0,0.0,0.0,0.0,0.0,83.75,0.0,1
IR7594,4,2025-09-12,2024-12-18,-268,0.0,0.0,0.0,0.0,0.0,0.0,83.75,0.0,1
IR7759,1,2025-07-11,2025-10-24,105,0.0,0.0,0.0,0.0,0.0,0.0,85.0,0.0,0
IR8224,1,2025-03-10,2026-01-21,317,0.0,0.0,0.0,0.0,0.0,0.0,80.0,0.0,0
IS3781,3,2025-04-06,2025-10-24,201,0.0,0.0,0.0,0.0,0.0,0.0,76.66666666666667,0.0,0
IS6208,2,2024-11-11,2025-02-18,99,0.0,0.0,0.0,0.0,0.0,0.0,0.0,0.0,0
IS6208,2,2024-11-11,2026-02-18,464,0.0,0.0,0.0,0.0,0.0,0.0,0.0,0.0,0
IS7780,1,2025-04-11,2025-06-25,75,0.0,0.0,0.0,0.0,0.0,0.0,80.0,0.0,0
IS8334,2,2026-06-01,2026-09-17,108,0.0,0.0,0.0,0.0,0.0,0.0,85.0,0.0,0
IS8838,3,2024-12-12,2025-07-26,226,0.0,0.0,0.0,0.0,0.0,0.0,0.0,0.0,0
IS8838,3,2024-12-12,2024-07-26,-139,0.0,0.0,0.0,0.0,0.0,0.0,0.0,0.0,0
IT0526,1,2025-05-09,2025-09-25,139,0.0,0.0,0.0,0.0,0.0,0.0,85.0,0.0,0
IT2412,1,2025-08-01,2025-09-27,57,0.0,0.0,0.0,0.0,0.0,0.0,90.0,0.0,0
IU0299,2,2025-01-12,2025-10-21,282,0.0,0.0,0.0,0.0,0.0,0.0,85.0,0.0,0
IU0299,2,2025-01-12,2026-10-21,647,0.0,0.0,0.0,0.0,0.0,0.0,85.0,0.0,0
IU0344,2,2025-09-12,2026-01-18,128,0.0,0.0,0.0,0.0,0.0,0.0,70.0,0.0,0
IU8292,2,2025-07-01,2025-07-23,22,0.0,1.0,0.0,0.0,0.0,0.0,85.0,0.0,0
IU8809,2,2025-08-10,2025-08-29,19,0.0,1.0,0.0,0.0,0.0,0.0,85.0,0.0,0
IV0862,1,2025-10-06,2025-10-23,17,0.0,1.0,0.0,0.0,0.0,0.0,40.0,0.0,0
IV2107,1,2025-04-06,2025-05-23,47,0.0,0.0,0.0,0.0,0.0,0.0,80.0,0.0,0
IV2727,7,2025-06-10,2025-09-24,106,0.0,0.0,0.0,0.0,0.0,0.0,62.142857142857146,0.0,1
IV2727,7,2025-06-10,2024-09-24,-259,0.0,0.0,0.0,0.0,0.0,0.0,62.142857142857146,0.0,1
IV5149,2,2025-07-05,2025-09-21,78,0.0,0.0,0.0,0.0,0.0,0.0,80.0,0.0,0
IV5149,2,2025-07-05,2026-09-21,443,0.0,0.0,0.0,0.0,0.0,0.0,80.0,0.0,0
IV6353,1,2025-03-12,2026-06-17,462,0.0,0.0,0.0,0.0,0.0,0.0,85.0,0.0,0
IW0375,2,2025-01-12,2025-03-20,67,0.0,0.0,0.0,0.0,0.0,0.0,90.0,0.0,0
IW0375,2,2025-01-12,2026-03-20,432,0.0,0.0,0.0,0.0,0.0,0.0,90.0,0.0,0
IW0979,1,2025-03-03,2025-08-27,177,0.0,0.0,0.0,0.0,0.0,0.0,80.0,0.0,0
IW1207,3,2025-07-10,2026-01-21,195,0.0,0.0,0.0,0.0,0.0,0.0,40.0,0.0,0
IW3230,1,2024-11-11,2025-07-26,257,0.0,0.0,0.0,0.0,0.0,0.0,90.0,0.0,0
IW4385,3,2024-04-12,2025-08-20,495,0.0,0.0,0.0,0.0,0.0,0.0,50.0,0.0,0
IW4385,3,2024-04-12,2026-08-20,860,0.0,0.0,0.0,0.0,0.0,0.0,50.0,0.0,0
IW4385,3,2024-04-12,2024-08-20,130,0.0,0.0,0.0,0.0,0.0,0.0,50.0,0.0,0
IW4783,2,2025-04-03,2025-10-21,201,0.0,0.0,0.0,0.0,0.0,0.0,90.0,0.0,0
IW4783,2,2025-04-03,2026-10-21,566,0.0,0.0,0.0,0.0,0.0,0.0,90.0,0.0,0
IW6456,1,2025-04-11,2025-05-25,44,0.0,0.0,0.0,0.0,0.0,0.0,90.0,0.0,0
IW7058,2,2025-03-03,2025-04-23,51,0.0,0.0,0.0,0.0,0.0,0.0,85.0,0.0,0
IX5538,3,2024-03-12,2025-03-20,373,0.0,1.0,0.0,0.0,0.0,0.0,80.0,0.0,0
IX5538,3,2024-03-12,2026-03-20,738,0.0,1.0,0.0,0.0,0.0,0.0,80.0,0.0,0
IX5538,3,2024-03-12,2024-03-20,8,0.0,1.0,0.0,0.0,0.0,0.0,80.0,0.0,0
IX9404,1,2024-12-12,2025-10-28,320,0.0,0.0,0.0,0.0,0.0,0.0,80.0,0.0,0
IY6417,1,2025-01-09,2025-09-27,261,0.0,0.0,0.0,0.0,0.0,0.0,95.0,0.0,0
IZ0002,2,2024-04-12,2025-08-22,497,0.0,0.0,0.0,0.0,0.0,0.0,0.0,0.0,0
IZ0002,2,2024-04-12,2026-08-22,862,0.0,0.0,0.0,0.0,0.0,0.0,0.0,0.0,0
IZ4276,1,2025-06-11,2025-11-26,168,0.0,0.0,0.0,0.0,0.0,0.0,0.0,0.0,0
IZ4391,2,2025-02-10,2025-03-19,37,0.0,0.0,0.0,0.0,0.0,0.0,80.0,0.0,0
IZ4391,2,2025-02-10,2026-03-19,402,0.0,0.0,0.0,0.0,0.0,0.0,80.0,0.0,0
IZ5853,3,2024-06-11,2024-03-29,-74,0.0,0.0,0.0,0.0,0.0,0.0,30.0,0.0,0
IZ5853,3,2024-06-11,2025-03-29,291,0.0,0.0,0.0,0.0,0.0,0.0,30.0,0.0,0
IZ8004,1,2025-04-03,2025-09-22,172,0.0,0.0,0.0,0.0,0.0,0.0,0.0,0.0,0
JA2412,1,2025-07-04,2025-07-29,25,0.0,1.0,0.0,0.0,0.0,0.0,95.0,0.0,0
JA5652,5,2025-12-12,2025-04-21,-235,0.0,0.0,0.0,0.0,0.0,0.0,89.0,0.0,1
JA5652,5,2025-12-12,2026-04-21,130,0.0,0.0,0.0,0.0,0.0,0.0,89.0,0.0,1
JB0122,1,2025-02-12,2025-04-27,74,0.0,0.0,0.0,0.0,0.0,0.0,80.0,0.0,0
JB0317,2,2025-08-10,2025-09-17,38,0.0,0.0,0.0,0.0,0.0,0.0,80.0,0.0,0
JB0317,2,2025-08-10,2026-09-17,403,0.0,0.0,0.0,0.0,0.0,0.0,80.0,0.0,0
JB3185,1,2025-04-12,2025-07-24,103,0.0,0.0,0.0,0.0,0.0,0.0,80.0,0.0,0
JB3663,1,2025-01-09,2025-04-26,107,0.0,0.0,0.0,0.0,0.0,0.0,80.0,0.0,0
JB4734,2,2024-12-11,2025-11-18,342,0.0,0.0,0.0,0.0,0.0,0.0,90.0,0.0,0
JB4734,2,2024-12-11,2026-11-18,707,0.0,0.0,0.0,0.0,0.0,0.0,90.0,0.0,0
JB8319,1,2025-05-11,2026-02-18,283,0.0,0.0,0.0,0.0,0.0,0.0,80.0,0.0,0
JC0877,1,2025-02-01,2025-06-23,142,0.0,0.0,0.0,0.0,0.0,0.0,80.0,0.0,0
JC3683,1,2026-05-01,2026-08-18,109,0.0,0.0,0.0,0.0,0.0,0.0,0.0,0.0,0
JC7286,4,2025-03-11,2025-11-20,254,0.0,0.0,0.0,0.0,0.0,0.0,40.0,0.0,1
JC7286,4,2025-03-11,2026-11-20,619,0.0,0.0,0.0,0.0,0.0,0.0,40.0,0.0,1
JD2042,7,2025-11-11,2025-10-21,-21,0.0,2.0,0.0,0.0,0.0,0.0,81.42857142857143,0.0,1
JD2042,7,2025-11-11,2026-10-21,344,0.0,2.0,0.0,0.0,0.0,0.0,81.42857142857143,0.0,1
JD3137,2,2025-04-11,2025-09-19,161,0.0,0.0,0.0,0.0,0.0,0.0,80.0,0.0,0
JD3137,2,2025-04-11,2026-09-19,526,0.0,0.0,0.0,0.0,0.0,0.0,80.0,0.0,0
JD3863,3,2025-10-03,2026-06-21,261,0.0,0.0,0.0,0.0,0.0,0.0,83.33333333333333,0.0,0
JD5908,1,2025-03-12,2025-08-25,166,0.0,0.0,0.0,0.0,0.0,0.0,80.0,0.0,0
JD7439,1,2025-01-08,2025-07-27,200,0.0,0.0,0.0,0.0,0.0,0.0,50.0,0.0,0
JD7943,1,2025-10-12,2026-09-17,340,0.0,0.0,0.0,0.0,0.0,0.0,90.0,0.0,0
JE1554,1,2024-06-11,2025-06-24,378,0.0,0.0,0.0,0.0,0.0,0.0,100.0,0.0,0
JE1594,3,2025-04-06,2025-05-26,50,0.0,0.0,0.0,0.0,0.0,0.0,73.33333333333333,0.0,0
JE7123,3,2025-10-11,2025-07-20,-83,0.0,0.0,0.0,0.0,0.0,0.0,85.0,0.0,0
JE7123,3,2025-10-11,2026-07-20,282,0.0,0.0,0.0,0.0,0.0,0.0,85.0,0.0,0
JF6736,2,2025-03-03,2025-05-20,78,0.0,0.0,0.0,0.0,0.0,0.0,85.0,0.0,0
JF6736,2,2025-03-03,2026-05-20,443,0.0,0.0,0.0,0.0,0.0,0.0,85.0,0.0,0
JF7573,4,2024-11-11,2025-11-25,379,0.0,1.0,0.0,0.0,0.0,0.0,70.0,0.0,1
JF7573,4,2024-11-11,2024-11-25,14,0.0,1.0,0.0,0.0,0.0,0.0,70.0,0.0,1
JF8120,1,2025-08-10,2026-02-19,193,0.0,0.0,0.0,0.0,0.0,0.0,0.0,0.0,0
JF8542,1,2025-10-10,2026-03-21,162,0.0,0.0,0.0,0.0,0.0,0.0,85.0,0.0,0
JG9038,1,2024-03-12,2025-01-28,322,0.0,0.0,0.0,0.0,0.0,0.0,80.0,0.0,0
JG9340,2,2025-12-03,2026-03-21,108,0.0,0.0,0.0,0.0,0.0,0.0,90.0,0.0,0
JH4275,2,2025-03-10,2025-04-21,42,0.0,0.0,0.0,0.0,0.0,0.0,0.0,0.0,0
JH4275,2,2025-03-10,2026-04-21,407,0.0,0.0,0.0,0.0,0.0,0.0,0.0,0.0,0
JH4360,7,2025-08-12,2025-02-18,-175,0.0,0.0,0.0,0.0,0.0,0.0,57.142857142857146,0.0,1
JH4360,7,2025-08-12,2026-02-18,190,0.0,0.0,0.0,0.0,0.0,0.0,57.142857142857146,0.0,1
JH4838,1,2025-05-03,2026-02-18,291,0.0,0.0,0.0,0.0,0.0,0.0,60.0,0.0,0
JH6998,2,2025-03-12,2025-07-19,129,0.0,0.0,0.0,0.0,0.0,0.0,90.0,0.0,0
JH6998,2,2025-03-12,2026-07-19,494,0.0,0.0,0.0,0.0,0.0,0.0,90.0,0.0,0
JH7467,5,2025-03-12,2025-04-20,39,0.0,1.0,0.0,0.0,0.0,0.0,70.0,0.0,1
JH7467,5,2025-03-12,2024-04-20,-326,0.0,1.0,0.0,0.0,0.0,0.0,70.0,0.0,1
JH7467,5,2025-03-12,2026-04-20,404,0.0,1.0,0.0,0.0,0.0,0.0,70.0,0.0,1
JI1176,1,2025-09-10,2026-06-21,284,0.0,0.0,0.0,0.0,0.0,0.0,60.0,0.0,0
JI3442,2,2025-08-10,2025-09-20,41,0.0,0.0,0.0,0.0,0.0,0.0,80.0,0.0,0
JI3442,2,2025-08-10,2026-09-20,406,0.0,0.0,0.0,0.0,0.0,0.0,80.0,0.0,0
JI5478,2,2025-06-10,2025-10-28,140,0.0,0.0,0.0,0.0,0.0,0.0,85.0,0.0,0
JI9426,2,2024-12-11,2025-07-28,229,0.0,0.0,0.0,0.0,0.0,0.0,87.5,0.0,0
JJ0497,3,2025-09-12,2026-08-18,340,0.0,0.0,0.0,0.0,0.0,0.0,90.0,0.0,0
JJ0497,3,2025-09-12,2025-08-18,-25,0.0,0.0,0.0,0.0,0.0,0.0,90.0,0.0,0
JJ3843,1,2025-10-10,2025-11-24,45,0.0,0.0,0.0,0.0,0.0,0.0,80.0,0.0,0
JJ4313,2,2025-02-10,2025-03-27,45,0.0,0.0,0.0,0.0,0.0,0.0,45.0,0.0,0
JJ5868,2,2024-03-12,2024-03-29,17,0.0,1.0,0.0,0.0,0.0,0.0,90.0,0.0,0
JJ5868,2,2024-03-12,2025-03-29,382,0.0,1.0,0.0,0.0,0.0,0.0,90.0,0.0,0
JK2676,1,2024-11-12,2025-08-27,288,0.0,0.0,0.0,0.0,0.0,0.0,90.0,0.0,0
JK6439,1,2025-11-03,2026-10-21,352,0.0,0.0,0.0,0.0,0.0,0.0,90.0,0.0,0
JK7351,3,2025-02-10,2025-02-24,14,0.0,1.0,0.0,0.0,0.0,0.0,90.0,0.0,0
JL3215,1,2025-03-10,2025-04-22,43,0.0,0.0,0.0,0.0,0.0,0.0,0.0,0.0,0
JL4682,2,2025-02-12,2025-05-28,105,0.0,0.0,0.0,0.0,0.0,0.0,90.0,0.0,0
JL5114,2,2025-01-10,2025-09-20,253,0.0,0.0,0.0,0.0,0.0,0.0,0.0,0.0,0
JL5114,2,2025-01-10,2026-09-20,618,0.0,0.0,0.0,0.0,0.0,0.0,0.0,0.0,0
JN5836,2,2025-10-10,2025-11-21,42,0.0,0.0,0.0,0.0,0.0,0.0,85.0,0.0,0
JN5836,2,2025-10-10,2026-11-21,407,0.0,0.0,0.0,0.0,0.0,0.0,85.0,0.0,0
JO5754,2,2024-04-11,2025-09-27,534,0.0,0.0,0.0,0.0,0.0,0.0,90.0,0.0,0
JO5754,2,2024-04-11,2024-09-27,169,0.0,0.0,0.0,0.0,0.0,0.0,90.0,0.0,0
JR0323,3,2025-04-12,2025-05-23,41,0.0,0.0,0.0,0.0,0.0,0.0,73.33333333333333,0.0,0
JR2235,2,2025-10-10,2025-10-19,9,0.0,1.0,0.0,0.0,0.0,0.0,70.0,0.0,0
JR2235,2,2025-10-10,2026-10-19,374,0.0,1.0,0.0,0.0,0.0,0.0,70.0,0.0,0
JR7790,1,2025-09-06,2025-09-28,22,0.0,1.0,0.0,0.0,0.0,0.0,50.0,0.0,0
JR8095,1,2025-05-06,2025-05-29,23,0.0,1.0,0.0,0.0,0.0,0.0,90.0,0.0,0
JS7354,2,2025-06-11,2025-07-21,40,0.0,0.0,0.0,0.0,0.0,0.0,80.0,0.0,0
JS7354,2,2025-06-11,2026-07-21,405,0.0,0.0,0.0,0.0,0.0,0.0,80.0,0.0,0
JS7497,1,2025-02-05,2025-11-23,291,0.0,0.0,0.0,0.0,0.0,0.0,0.0,0.0,0
JT2437,1,2024-11-11,2025-08-23,285,0.0,0.0,0.0,0.0,0.0,0.0,90.0,0.0,0
JU4739,1,2025-01-12,2025-02-25,44,0.0,0.0,0.0,0.0,0.0,0.0,90.0,0.0,0
JU9519,1,2025-06-03,2025-10-24,143,0.0,0.0,0.0,0.0,0.0,0.0,80.0,0.0,0
JV0876,1,2024-11-11,2025-09-24,317,0.0,0.0,0.0,0.0,0.0,0.0,0.0,0.0,0
JV7069,4,2025-11-11,2025-03-21,-235,0.0,0.0,0.0,0.0,0.0,0.0,87.5,0.0,1
JV7069,4,2025-11-11,2026-03-21,130,0.0,0.0,0.0,0.0,0.0,0.0,87.5,0.0,1
JW0571,6,2024-05-11,2024-09-21,133,0.0,0.0,0.0,0.0,0.0,0.0,40.0,0.0,1
JW0571,6,2024-05-11,2025-09-21,498,0.0,0.0,0.0,0.0,0.0,0.0,40.0,0.0,1
JW0571,6,2024-05-11,2026-09-21,863,0.0,0.0,0.0,0.0,0.0,0.0,40.0,0.0,1
JW1097,1,2025-03-01,2025-07-26,147,0.0,0.0,0.0,0.0,0.0,0.0,80.0,0.0,0
JW3756,1,2025-02-10,2025-06-24,134,0.0,0.0,0.0,0.0,0.0,0.0,0.0,0.0,0
JW6943,1,2025-04-09,2025-11-25,230,0.0,0.0,0.0,0.0,0.0,0.0,90.0,0.0,0
JX1624,4,2025-12-12,2025-08-19,-115,0.0,0.0,0.0,0.0,0.0,0.0,80.0,0.0,1
JX1624,4,2025-12-12,2026-08-19,250,0.0,0.0,0.0,0.0,0.0,0.0,80.0,0.0,1
JX2091,1,2025-02-07,2025-05-25,107,0.0,0.0,0.0,0.0,0.0,0.0,90.0,0.0,0
JX2531,3,2025-10-10,2026-09-21,346,0.0,0.0,0.0,0.0,0.0,0.0,83.33333333333333,0.0,0
JX2531,3,2025-10-10,2025-09-21,-19,0.0,0.0,0.0,0.0,0.0,0.0,83.33333333333333,0.0,0
JX7482,1,2025-08-09,2025-10-27,79,0.0,0.0,0.0,0.0,0.0,0.0,80.0,0.0,0
JY0722,1,2025-07-04,2025-11-24,143,0.0,0.0,0.0,0.0,0.0,0.0,0.0,0.0,0
JY1545,6,2025-08-10,2025-04-19,-113,0.0,1.0,0.0,0.0,0.0,0.0,40.0,0.0,1
JY1545,6,2025-08-10,2026-04-19,252,0.0,1.0,0.0,0.0,0.0,0.0,40.0,0.0,1
JY1545,6,2025-08-10,2024-04-19,-478,0.0,1.0,0.0,0.0,0.0,0.0,40.0,0.0,1
JY1604,1,2025-01-10,2025-05-28,138,0.0,0.0,0.0,0.0,0.0,0.0,90.0,0.0,0
JY4174,1,2025-08-10,2026-06-20,314,0.0,0.0,0.0,0.0,0.0,0.0,85.0,0.0,0
JY4307,2,2025-07-01,2025-12-20,172,0.0,0.0,0.0,0.0,0.0,0.0,85.0,0.0,0
JY7281,1,2025-12-03,2026-11-20,352,0.0,0.0,0.0,0.0,0.0,0.0,90.0,0.0,0
JY7520,3,2026-05-01,2025-11-18,-164,1.0,1.0,0.0,0.0,0.0,0.0,66.66666666666667,0.25,0
JY7520,3,2026-05-01,2026-11-18,201,1.0,1.0,0.0,0.0,0.0,0.0,66.66666666666667,0.25,0
JY8715,1,2025-04-06,2025-06-26,81,0.0,0.0,0.0,0.0,0.0,0.0,90.0,0.0,0
JZ0149,1,2024-06-11,2025-02-20,254,0.0,0.0,0.0,0.0,0.0,0.0,80.0,0.0,0
JZ0866,1,2024-09-12,2025-01-27,137,0.0,0.0,0.0,0.0,0.0,0.0,90.0,0.0,0
JZ3470,1,2025-08-10,2026-01-22,165,0.0,0.0,0.0,0.0,0.0,0.0,80.0,0.0,0
JZ3557,1,2026-07-01,2026-10-19,110,0.0,0.0,0.0,0.0,0.0,0.0,80.0,0.0,0
JZ8184,2,2025-05-06,2025-09-26,143,0.0,0.0,0.0,0.0,0.0,0.0,80.0,0.0,0
KA2239,1,2025-04-12,2025-10-29,200,0.0,0.0,0.0,0.0,0.0,0.0,55.0,0.0,0
KA5953,1,2026-06-01,2026-07-19,48,0.0,0.0,0.0,0.0,0.0,0.0,80.0,0.0,0
KA8552,1,2024-12-12,2025-07-25,225,0.0,0.0,0.0,0.0,0.0,0.0,90.0,0.0,0
KB9667,1,2025-09-09,2025-10-27,48,0.0,0.0,0.0,0.0,0.0,0.0,50.0,0.0,0
KC1101,2,2026-06-01,2026-11-20,172,0.0,0.0,0.0,0.0,0.0,0.0,75.0,0.0,0
KC1895,3,2025-09-05,2025-10-24,49,0.0,0.0,0.0,0.0,0.0,0.0,78.33333333333333,0.0,0
KC3212,1,2026-06-01,2026-08-18,78,0.0,0.0,0.0,0.0,0.0,0.0,90.0,0.0,0
KC6822,1,2025-08-12,2025-09-25,44,0.0,0.0,0.0,0.0,0.0,0.0,90.0,0.0,0
KD1257,1,2024-08-11,2024-12-29,140,0.0,0.0,0.0,0.0,0.0,0.0,85.0,0.0,0
KE5236,1,2025-03-11,2025-09-27,200,0.0,0.0,0.0,0.0,0.0,0.0,90.0,0.0,0
KE7748,3,2025-08-10,2025-09-28,49,0.0,0.0,0.0,0.0,0.0,0.0,80.0,0.0,0
KF0856,1,2025-01-12,2025-09-23,254,0.0,0.0,0.0,0.0,0.0,0.0,0.0,0.0,0
KF2289,2,2025-07-04,2025-11-23,142,0.0,0.0,0.0,0.0,0.0,0.0,87.5,0.0,0
KF7803,1,2024-10-12,2025-01-24,104,0.0,0.0,0.0,0.0,0.0,0.0,90.0,0.0,0
KF8503,2,2025-01-04,2025-04-20,106,0.0,0.0,0.0,0.0,0.0,0.0,90.0,0.0,0
KF8503,2,2025-01-04,2026-04-20,471,0.0,0.0,0.0,0.0,0.0,0.0,90.0,0.0,0
KF9172,1,2025-03-06,2025-03-26,20,0.0,1.0,0.0,0.0,0.0,0.0,80.0,0.0,0
KF9197,2,2025-10-03,2025-11-26,54,0.0,0.0,0.0,0.0,0.0,0.0,82.5,0.0,0
KG0539,1,2025-02-01,2025-06-24,143,0.0,0.0,0.0,0.0,0.0,0.0,0.0,0.0,0
KG4841,1,2025-08-07,2025-09-28,52,0.0,0.0,0.0,0.0,0.0,0.0,90.0,0.0,0
KG5195,3,2025-08-12,2026-04-19,250,0.0,0.0,0.0,0.0,0.0,0.0,86.66666666666667,0.0,0
KG5195,3,2025-08-12,2025-04-19,-115,0.0,0.0,0.0,0.0,0.0,0.0,86.66666666666667,0.0,0
KH1037,1,2025-02-05,2025-11-24,292,0.0,0.0,0.0,0.0,0.0,0.0,80.0,0.0,0
KH3571,1,2025-08-07,2025-09-28,52,0.0,0.0,0.0,0.0,0.0,0.0,80.0,0.0,0
KH5804,2,2025-08-10,2025-10-25,76,0.0,0.0,0.0,0.0,0.0,0.0,82.5,0.0,0
KH6831,1,2026-06-01,2026-10-22,143,0.0,0.0,0.0,0.0,0.0,0.0,100.0,0.0,0
KH9163,1,2025-03-06,2025-11-25,264,0.0,0.0,0.0,0.0,0.0,0.0,85.0,0.0,0
KI5377,1,2025-07-11,2025-10-25,106,0.0,0.0,0.0,0.0,0.0,0.0,85.0,0.0,0
KI5737,1,2025-10-10,2026-09-18,343,0.0,0.0,0.0,0.0,0.0,0.0,90.0,0.0,0
KI7590,4,2024-11-11,2025-04-25,165,0.0,1.0,0.0,0.0,0.0,0.0,72.5,0.0,1
KI7590,4,2024-11-11,2024-04-25,-200,0.0,1.0,0.0,0.0,0.0,0.0,72.5,0.0,1
KJ2006,2,2025-06-01,2025-08-22,82,0.0,0.0,0.0,0.0,0.0,0.0,70.0,0.0,0
KJ2006,2,2025-06-01,2026-08-22,447,0.0,0.0,0.0,0.0,0.0,0.0,70.0,0.0,0
KJ5766,2,2024-07-11,2025-04-26,289,0.0,0.0,0.0,0.0,0.0,0.0,80.0,0.0,0
KJ6132,2,2025-04-04,2025-11-24,234,0.0,0.0,0.0,0.0,0.0,0.0,0.0,0.0,0
KJ6273,2,2024-03-12,2025-05-23,437,0.0,0.0,0.0,0.0,0.0,0.0,80.0,0.0,0
KJ6273,2,2024-03-12,2024-05-23,72,0.0,0.0,0.0,0.0,0.0,0.0,80.0,0.0,0
KK0806,2,2024-07-11,2025-02-26,230,0.0,0.0,0.0,0.0,0.0,0.0,0.0,0.0,0
KK6266,3,2025-02-04,2025-10-27,265,0.0,0.0,0.0,0.0,0.0,0.0,86.66666666666667,0.0,0
KK6266,3,2025-02-04,2024-10-27,-100,0.0,0.0,0.0,0.0,0.0,0.0,86.66666666666667,0.0,0
KK9504,1,2025-10-09,2025-10-26,17,0.0,1.0,0.0,0.0,0.0,0.0,85.0,0.0,0
KL4528,2,2024-10-12,2025-07-18,279,0.0,0.0,0.0,0.0,0.0,0.0,90.0,0.0,0
KL4528,2,2024-10-12,2026-07-18,644,0.0,0.0,0.0,0.0,0.0,0.0,90.0,0.0,0
KL5624,1,2024-07-11,2025-04-25,288,0.0,0.0,0.0,0.0,0.0,0.0,90.0,0.0,0
KL5863,4,2025-03-04,2025-05-22,79,0.0,0.0,0.0,0.0,0.0,0.0,80.0,0.0,1
KL5863,4,2025-03-04,2026-05-22,444,0.0,0.0,0.0,0.0,0.0,0.0,80.0,0.0,1
KM0715,2,2025-06-11,2025-08-19,69,0.0,0.0,0.0,0.0,0.0,0.0,90.0,0.0,0
KM0715,2,2025-06-11,2026-08-19,434,0.0,0.0,0.0,0.0,0.0,0.0,90.0,0.0,0
KM3061,4,2025-02-07,2025-05-18,100,0.0,0.0,0.0,0.0,0.0,0.0,90.0,0.0,1
KM3061,4,2025-02-07,2026-05-18,465,0.0,0.0,0.0,0.0,0.0,0.0,90.0,0.0,1
KM8530,4,2025-10-10,2025-11-19,40,0.0,0.0,0.0,0.0,0.0,0.0,85.0,0.0,1
KM8530,4,2025-10-10,2026-11-19,405,0.0,0.0,0.0,0.0,0.0,0.0,85.0,0.0,1
KM8884,3,2025-07-03,2025-07-25,22,0.0,1.0,0.0,0.0,0.0,0.0,53.333333333333336,0.0,0
KN3549,4,2025-01-10,2025-01-22,12,0.0,2.0,0.0,0.0,0.0,0.0,87.5,0.0,1
KN3549,4,2025-01-10,2026-01-22,377,0.0,2.0,0.0,0.0,0.0,0.0,87.5,0.0,1
KO2259,2,2025-03-01,2025-04-18,48,0.0,0.0,0.0,0.0,0.0,0.0,50.0,0.0,0
KO2259,2,2025-03-01,2026-04-18,413,0.0,0.0,0.0,0.0,0.0,0.0,50.0,0.0,0
KO3323,2,2025-06-10,2025-09-19,101,0.0,0.0,0.0,0.0,0.0,0.0,90.0,0.0,0
KO3323,2,2025-06-10,2026-09-19,466,0.0,0.0,0.0,0.0,0.0,0.0,90.0,0.0,0
KO5470,1,2025-05-03,2025-06-26,54,0.0,0.0,0.0,0.0,0.0,0.0,80.0,0.0,0
KO6257,4,2025-02-12,2025-03-20,36,0.0,0.0,0.0,0.0,0.0,0.0,40.0,0.0,1
KO6257,4,2025-02-12,2026-03-20,401,0.0,0.0,0.0,0.0,0.0,0.0,40.0,0.0,1
KO7889,1,2026-05-01,2026-06-21,51,0.0,0.0,0.0,0.0,0.0,0.0,90.0,0.0,0
KO8243,1,2024-03-12,2025-02-23,348,0.0,0.0,0.0,0.0,0.0,0.0,90.0,0.0,0
KO9963,1,2025-01-07,2025-02-22,46,0.0,0.0,0.0,0.0,0.0,0.0,0.0,0.0,0
KP4581,1,2025-10-12,2026-09-21,344,0.0,0.0,0.0,0.0,0.0,0.0,80.0,0.0,0
KP7104,1,2025-10-02,2025-10-24,22,0.0,1.0,0.0,0.0,0.0,0.0,0.0,0.0,0
KQ0719,1,2025-08-09,2025-08-27,18,0.0,1.0,0.0,0.0,0.0,0.0,80.0,0.0,0
KQ4111,1,2024-03-10,2025-02-24,351,0.0,0.0,0.0,0.0,0.0,0.0,90.0,0.0,0
KQ5681,2,2025-03-10,2025-09-19,193,0.0,0.0,0.0,0.0,0.0,0.0,85.0,0.0,0
KQ5681,2,2025-03-10,2026-09-19,558,0.0,0.0,0.0,0.0,0.0,0.0,85.0,0.0,0
KQ8921,1,2025-11-06,2025-11-23,17,0.0,1.0,0.0,0.0,0.0,0.0,90.0,0.0,0
KR2134,1,2025-06-03,2025-09-25,114,0.0,0.0,0.0,0.0,0.0,0.0,85.0,0.0,0
KR2311,2,2025-08-10,2026-01-22,165,0.0,0.0,0.0,0.0,0.0,0.0,90.0,0.0,0
KR4418,1,2025-10-12,2026-08-19,311,0.0,0.0,0.0,0.0,0.0,0.0,90.0,0.0,0
KS3872,2,2025-02-12,2025-12-22,313,0.0,0.0,0.0,0.0,0.0,0.0,70.0,0.0,0
KS4589,1,2024-05-12,2025-01-29,262,0.0,0.0,0.0,0.0,0.0,0.0,80.0,0.0,0
KS9953,2,2025-03-11,2025-03-21,10,0.0,1.0,0.0,0.0,0.0,0.0,85.0,0.0,0
KS9953,2,2025-03-11,2026-03-21,375,0.0,1.0,0.0,0.0,0.0,0.0,85.0,0.0,0
KT1148,1,2025-05-09,2025-11-26,201,0.0,0.0,0.0,0.0,0.0,0.0,80.0,0.0,0
KT6167,1,2025-03-02,2025-03-24,22,0.0,1.0,0.0,0.0,0.0,0.0,80.0,0.0,0
KT9035,7,2025-10-12,2025-11-20,39,0.0,1.0,0.0,0.0,0.0,0.0,77.14285714285714,0.0,1
KT9035,7,2025-10-12,2026-11-20,404,0.0,1.0,0.0,0.0,0.0,0.0,77.14285714285714,0.0,1
KT9035,7,2025-10-12,2024-11-20,-326,0.0,1.0,0.0,0.0,0.0,0.0,77.14285714285714,0.0,1
KU0841,3,2025-10-12,2025-04-20,-175,0.0,0.0,0.0,0.0,0.0,0.0,60.0,0.0,0
KU0841,3,2025-10-12,2026-04-20,190,0.0,0.0,0.0,0.0,0.0,0.0,60.0,0.0,0
KV9095,2,2025-06-08,2025-10-29,143,0.0,0.0,0.0,0.0,0.0,0.0,70.0,0.0,0
KW3982,2,2024-01-11,2025-11-25,684,0.0,0.0,0.0,0.0,0.0,0.0,0.0,0.0,0
KW3982,2,2024-01-11,2024-11-25,319,0.0,0.0,0.0,0.0,0.0,0.0,0.0,0.0,0
KW5029,1,2025-06-01,2025-06-25,24,0.0,1.0,0.0,0.0,0.0,0.0,90.0,0.0,0
KW8299,2,2025-07-01,2025-07-27,26,0.0,1.0,0.0,0.0,0.0,0.0,85.0,0.0,0
KW8443,1,2025-08-10,2025-09-27,48,0.0,0.0,0.0,0.0,0.0,0.0,90.0,0.0,0
KW9733,3,2025-06-03,2025-08-26,84,0.0,0.0,0.0,0.0,0.0,0.0,86.66666666666667,0.0,0
KX1645,1,2025-07-10,2025-08-26,47,0.0,0.0,0.0,0.0,0.0,0.0,60.0,0.0,0
KX1884,1,2025-09-12,2025-09-25,13,0.0,1.0,0.0,0.0,0.0,0.0,80.0,0.0,0
KX5133,2,2025-11-11,2025-11-28,17,0.0,1.0,0.0,0.0,0.0,0.0,85.0,0.0,0
KX5602,1,2025-04-08,2025-05-28,50,0.0,0.0,0.0,0.0,0.0,0.0,90.0,0.0,0
KX9807,1,2025-01-04,2025-01-23,19,0.0,1.0,0.0,0.0,0.0,0.0,80.0,0.0,0
KY0249,1,2025-05-02,2025-10-26,177,0.0,0.0,0.0,0.0,0.0,0.0,80.0,0.0,0
KY2294,2,2025-04-04,2025-07-23,110,0.0,0.0,0.0,0.0,0.0,0.0,80.0,0.0,0
KZ4025,2,2025-06-10,2025-09-17,99,0.0,0.0,0.0,0.0,0.0,0.0,0.0,0.0,0
KZ4025,2,2025-06-10,2026-09-17,464,0.0,0.0,0.0,0.0,0.0,0.0,0.0,0.0,0
LA1987,1,2025-07-10,2025-12-19,162,0.0,0.0,0.0,0.0,0.0,0.0,80.0,0.0,0
LA7017,2,2025-08-04,2025-11-25,113,0.0,0.0,0.0,0.0,0.0,0.0,42.5,0.0,0
LB7488,1,2025-03-01,2025-07-29,150,0.0,0.0,0.0,0.0,0.0,0.0,90.0,0.0,0
LB7777,1,2025-05-06,2025-09-26,143,0.0,0.0,0.0,0.0,0.0,0.0,90.0,0.0,0
LC2567,2,2025-01-04,2025-02-19,46,0.0,0.0,0.0,0.0,0.0,0.0,85.0,0.0,0
LC2567,2,2025-01-04,2026-02-19,411,0.0,0.0,0.0,0.0,0.0,0.0,85.0,0.0,0
LC6043,2,2024-04-11,2024-11-26,229,0.0,0.0,0.0,0.0,0.0,0.0,90.0,0.0,0
LC6043,2,2024-04-11,2025-11-26,594,0.0,0.0,0.0,0.0,0.0,0.0,90.0,0.0,0
LC6083,2,2024-06-11,2025-03-27,289,0.0,0.0,0.0,0.0,0.0,0.0,95.0,0.0,0
LC8076,1,2025-04-02,2026-02-18,322,0.0,0.0,0.0,0.0,0.0,0.0,80.0,0.0,0
LC9616,1,2025-09-06,2025-09-24,18,0.0,1.0,0.0,0.0,0.0,0.0,90.0,0.0,0
LD1289,2,2025-11-12,2026-03-20,128,0.0,0.0,0.0,0.0,0.0,0.0,87.5,0.0,0
LD2473,2,2024-02-12,2025-04-27,440,0.0,0.0,0.0,0.0,0.0,0.0,90.0,0.0,0
LD2473,2,2024-02-12,2024-04-27,75,0.0,0.0,0.0,0.0,0.0,0.0,90.0,0.0,0
LD3505,4,2025-09-10,2025-09-17,7,1.0,1.0,0.0,0.0,0.0,0.0,80.0,0.2,1
LD3505,4,2025-09-10,2026-09-17,372,1.0,1.0,0.0,0.0,0.0,0.0,80.0,0.2,1
LD4989,1,2025-12-11,2026-09-20,283,0.0,0.0,0.0,0.0,0.0,0.0,85.0,0.0,0
LE0265,2,2024-11-11,2026-04-18,523,0.0,0.0,0.0,0.0,0.0,0.0,80.0,0.0,0
LE0265,2,2024-11-11,2025-04-18,158,0.0,0.0,0.0,0.0,0.0,0.0,80.0,0.0,0
LE6625,1,2025-09-10,2025-11-23,74,0.0,0.0,0.0,0.0,0.0,0.0,55.0,0.0,0
LE9842,1,2025-12-11,2026-03-22,101,0.0,0.0,0.0,0.0,0.0,0.0,60.0,0.0,0
LF6623,1,2025-03-12,2025-05-28,77,0.0,0.0,0.0,0.0,0.0,0.0,80.0,0.0,0
LF7340,2,2025-07-11,2026-10-20,466,0.0,0.0,0.0,0.0,0.0,0.0,80.0,0.0,0
LF7340,2,2025-07-11,2025-10-20,101,0.0,0.0,0.0,0.0,0.0,0.0,80.0,0.0,0
LF9146,1,2025-05-02,2025-12-21,233,0.0,0.0,0.0,0.0,0.0,0.0,60.0,0.0,0
LG4147,1,2024-08-11,2025-01-25,167,0.0,0.0,0.0,0.0,0.0,0.0,90.0,0.0,0
LG8467,1,2024-07-11,2025-02-20,224,0.0,0.0,0.0,0.0,0.0,0.0,90.0,0.0,0
LH0754,4,2024-07-11,2025-09-22,438,0.0,0.0,0.0,0.0,0.0,0.0,45.0,0.0,1
LH0754,4,2024-07-11,2024-09-22,73,0.0,0.0,0.0,0.0,0.0,0.0,45.0,0.0,1
LH7637,3,2025-03-06,2025-03-27,21,0.0,2.0,0.0,0.0,0.0,0.0,88.33333333333333,0.0,0
LH7788,2,2024-07-11,2024-12-21,163,0.0,0.0,0.0,0.0,0.0,0.0,90.0,0.0,0
LH7788,2,2024-07-11,2025-12-21,528,0.0,0.0,0.0,0.0,0.0,0.0,90.0,0.0,0
LH7869,1,2025-04-03,2026-01-22,294,0.0,0.0,0.0,0.0,0.0,0.0,80.0,0.0,0
LH9089,1,2025-01-05,2025-10-28,296,0.0,0.0,0.0,0.0,0.0,0.0,80.0,0.0,0
LI8171,4,2024-06-11,2025-11-24,531,0.0,0.0,0.0,0.0,0.0,0.0,80.0,0.0,1
LI8171,4,2024-06-11,2024-11-24,166,0.0,0.0,0.0,0.0,0.0,0.0,80.0,0.0,1
LJ1110,1,2025-02-09,2025-08-27,199,0.0,0.0,0.0,0.0,0.0,0.0,0.0,0.0,0
LJ2951,2,2024-09-12,2026-02-17,523,0.0,0.0,0.0,0.0,0.0,0.0,80.0,0.0,0
LJ2951,2,2024-09-12,2025-02-17,158,0.0,0.0,0.0,0.0,0.0,0.0,80.0,0.0,0
LJ4944,1,2025-07-02,2025-07-19,17,0.0,1.0,0.0,0.0,0.0,0.0,90.0,0.0,0
LJ6669,2,2025-01-10,2025-09-19,252,0.0,0.0,0.0,0.0,0.0,0.0,80.0,0.0,0
LJ6669,2,2025-01-10,2026-09-19,617,0.0,0.0,0.0,0.0,0.0,0.0,80.0,0.0,0
LJ7970,1,2025-11-12,2026-05-20,189,0.0,0.0,0.0,0.0,0.0,0.0,80.0,0.0,0
LJ8820,1,2025-04-08,2025-06-26,79,0.0,0.0,0.0,0.0,0.0,0.0,0.0,0.0,0
LJ8926,7,2025-09-10,2025-11-21,72,0.0,0.0,0.0,0.0,0.0,0.0,80.0,0.0,1
LJ8926,7,2025-09-10,2026-11-21,437,0.0,0.0,0.0,0.0,0.0,0.0,80.0,0.0,1
LJ8926,7,2025-09-10,2024-11-21,-293,0.0,0.0,0.0,0.0,0.0,0.0,80.0,0.0,1
LJ9510,3,2024-11-12,2025-11-19,372,1.0,1.0,0.0,0.0,0.0,0.0,90.0,0.25,0
LJ9510,3,2024-11-12,2026-11-19,737,1.0,1.0,0.0,0.0,0.0,0.0,90.0,0.25,0
LJ9510,3,2024-11-12,2024-11-19,7,1.0,1.0,0.0,0.0,0.0,0.0,90.0,0.25,0
LJ9790,1,2024-03-10,2025-02-24,351,0.0,0.0,0.0,0.0,0.0,0.0,90.0,0.0,0
LK0989,2,2025-08-08,2025-08-25,17,0.0,1.0,0.0,0.0,0.0,0.0,80.0,0.0,0
LK6096,2,2025-03-03,2026-02-18,352,0.0,0.0,0.0,0.0,0.0,0.0,85.0,0.0,0
LL0637,3,2024-02-12,2025-07-19,523,0.0,0.0,0.0,0.0,0.0,0.0,90.0,0.0,0
LL0637,3,2024-02-12,2026-07-19,888,0.0,0.0,0.0,0.0,0.0,0.0,90.0,0.0,0
LL0637,3,2024-02-12,2024-07-19,158,0.0,0.0,0.0,0.0,0.0,0.0,90.0,0.0,0
LL2310,2,2024-11-11,2025-02-23,104,0.0,0.0,0.0,0.0,0.0,0.0,45.0,0.0,0
LL2549,5,2025-11-12,2025-08-21,-83,0.0,0.0,0.0,0.0,0.0,0.0,70.0,0.0,1
LL2549,5,2025-11-12,2026-08-21,282,0.0,0.0,0.0,0.0,0.0,0.0,70.0,0.0,1
LL3875,2,2024-08-11,2025-02-16,189,0.0,0.0,0.0,0.0,0.0,0.0,85.0,0.0,0
LL3875,2,2024-08-11,2026-02-16,554,0.0,0.0,0.0,0.0,0.0,0.0,85.0,0.0,0
LL4222,2,2025-05-06,2025-05-25,19,0.0,1.0,0.0,0.0,0.0,0.0,85.0,0.0,0
LL4700,1,2025-08-12,2026-03-22,222,0.0,0.0,0.0,0.0,0.0,0.0,50.0,0.0,0
LM0197,3,2025-09-10,2025-06-18,-84,0.0,1.0,0.0,0.0,0.0,0.0,70.0,0.0,0
LM0197,3,2025-09-10,2026-06-18,281,0.0,1.0,0.0,0.0,0.0,0.0,70.0,0.0,0
LM0230,3,2024-06-12,2024-12-25,196,0.0,0.0,0.0,0.0,0.0,0.0,60.0,0.0,0
LM0303,1,2025-03-01,2025-04-28,58,0.0,0.0,0.0,0.0,0.0,0.0,0.0,0.0,0
LM2049,1,2025-11-12,2026-09-17,309,0.0,0.0,0.0,0.0,0.0,0.0,0.0,0.0,0
LM3018,1,2025-03-04,2025-04-27,54,0.0,0.0,0.0,0.0,0.0,0.0,50.0,0.0,0
LM6945,2,2025-08-12,2025-09-26,45,0.0,0.0,0.0,0.0,0.0,0.0,82.5,0.0,0
LO0273,1,2025-04-02,2025-05-26,54,0.0,0.0,0.0,0.0,0.0,0.0,85.0,0.0,0
LO7459,2,2025-04-02,2026-05-20,413,0.0,0.0,0.0,0.0,0.0,0.0,0.0,0.0,0
LO7459,2,2025-04-02,2025-05-20,48,0.0,0.0,0.0,0.0,0.0,0.0,0.0,0.0,0
LP1383,1,2025-02-09,2025-08-27,199,0.0,0.0,0.0,0.0,0.0,0.0,90.0,0.0,0
LP4374,1,2025-10-03,2025-10-28,25,0.0,1.0,0.0,0.0,0.0,0.0,90.0,0.0,0
LP4719,2,2025-05-02,2025-08-27,117,0.0,0.0,0.0,0.0,0.0,0.0,87.5,0.0,0
LP7481,3,2025-10-03,2026-02-19,139,0.0,0.0,0.0,0.0,0.0,0.0,86.66666666666667,0.0,0
LP7959,2,2025-01-10,2025-03-18,67,0.0,0.0,0.0,0.0,0.0,0.0,90.0,0.0,0
LP7959,2,2025-01-10,2026-03-18,432,0.0,0.0,0.0,0.0,0.0,0.0,90.0,0.0,0
LP9048,5,2026-05-01,2025-10-20,-193,0.0,0.0,0.0,0.0,0.0,0.0,70.0,0.0,1
LP9048,5,2026-05-01,2026-10-20,172,0.0,0.0,0.0,0.0,0.0,0.0,70.0,0.0,1
LQ0085,1,2025-02-10,2025-08-27,198,0.0,0.0,0.0,0.0,0.0,0.0,90.0,0.0,0
LQ2436,1,2024-06-11,2024-12-25,197,0.0,0.0,0.0,0.0,0.0,0.0,60.0,0.0,0
LQ2678,1,2024-04-12,2025-01-24,287,0.0,0.0,0.0,0.0,0.0,0.0,85.0,0.0,0
LQ4403,1,2025-02-12,2026-03-20,401,0.0,0.0,0.0,0.0,0.0,0.0,80.0,0.0,0
LQ5039,1,2025-06-02,2026-02-18,261,0.0,0.0,0.0,0.0,0.0,0.0,85.0,0.0,0
LR0073,2,2025-01-10,2025-07-21,192,0.0,0.0,0.0,0.0,0.0,0.0,80.0,0.0,0
LR0073,2,2025-01-10,2026-07-21,557,0.0,0.0,0.0,0.0,0.0,0.0,80.0,0.0,0
LR0626,2,2025-05-12,2025-05-28,16,0.0,2.0,0.0,0.0,0.0,0.0,40.0,0.0,0
LR5760,2,2025-01-10,2026-04-17,462,0.0,0.0,0.0,0.0,0.0,0.0,80.0,0.0,0
LR5760,2,2025-01-10,2025-04-17,97,0.0,0.0,0.0,0.0,0.0,0.0,80.0,0.0,0
LR9347,2,2025-01-05,2025-01-22,17,0.0,1.0,0.0,0.0,0.0,0.0,90.0,0.0,0
LR9347,2,2025-01-05,2026-01-22,382,0.0,1.0,0.0,0.0,0.0,0.0,90.0,0.0,0
LR9567,1,2024-05-11,2025-02-24,289,0.0,0.0,0.0,0.0,0.0,0.0,80.0,0.0,0
LS0903,1,2025-07-01,2026-06-20,354,0.0,0.0,0.0,0.0,0.0,0.0,90.0,0.0,0
LS7891,2,2025-05-12,2026-11-19,556,0.0,0.0,0.0,0.0,0.0,0.0,80.0,0.0,0
LS7891,2,2025-05-12,2025-11-19,191,0.0,0.0,0.0,0.0,0.0,0.0,80.0,0.0,0
LS7935,1,2025-03-03,2025-11-27,269,0.0,0.0,0.0,0.0,0.0,0.0,85.0,0.0,0
LU0069,1,2025-06-03,2026-02-19,261,0.0,0.0,0.0,0.0,0.0,0.0,90.0,0.0,0
LU4732,1,2024-05-11,2025-04-27,351,0.0,0.0,0.0,0.0,0.0,0.0,40.0,0.0,0
LU7777,1,2025-05-06,2025-05-27,21,0.0,1.0,0.0,0.0,0.0,0.0,90.0,0.0,0
LU8755,1,2025-08-05,2025-10-27,83,0.0,0.0,0.0,0.0,0.0,0.0,80.0,0.0,0
LU9450,2,2024-03-10,2025-07-27,504,0.0,0.0,0.0,0.0,0.0,0.0,90.0,0.0,0
LU9450,2,2024-03-10,2024-07-27,139,0.0,0.0,0.0,0.0,0.0,0.0,90.0,0.0,0
LV1017,3,2024-01-11,2025-08-18,585,0.0,0.0,0.0,0.0,0.0,0.0,0.0,0.0,0
LV1017,3,2024-01-11,2026-08-18,950,0.0,0.0,0.0,0.0,0.0,0.0,0.0,0.0,0
LV1017,3,2024-01-11,2024-08-18,220,0.0,0.0,0.0,0.0,0.0,0.0,0.0,0.0,0
LV4562,1,2024-11-12,2025-11-23,376,0.0,0.0,0.0,0.0,0.0,0.0,50.0,0.0,0
LV4611,1,2025-03-04,2025-03-29,25,0.0,1.0,0.0,0.0,0.0,0.0,90.0,0.0,0
LV5089,2,2025-04-12,2025-05-21,39,0.0,0.0,0.0,0.0,0.0,0.0,100.0,0.0,0
LV5089,2,2025-04-12,2026-05-21,404,0.0,0.0,0.0,0.0,0.0,0.0,100.0,0.0,0
LV7231,1,2025-03-12,2026-01-19,313,0.0,0.0,0.0,0.0,0.0,0.0,0.0,0.0,0
LV9891,2,2025-07-03,2025-07-20,17,0.0,1.0,0.0,0.0,0.0,0.0,80.0,0.0,0
LV9891,2,2025-07-03,2026-07-20,382,0.0,1.0,0.0,0.0,0.0,0.0,80.0,0.0,0
LW0922,2,2025-06-01,2025-09-26,117,0.0,0.0,0.0,0.0,0.0,0.0,80.0,0.0,0
LW7269,3,2024-04-11,2026-04-19,738,0.0,1.0,0.0,0.0,0.0,0.0,0.0,0.0,0
LW7269,3,2024-04-11,2025-04-19,373,0.0,1.0,0.0,0.0,0.0,0.0,0.0,0.0,0
LW7269,3,2024-04-11,2024-04-19,8,0.0,1.0,0.0,0.0,0.0,0.0,0.0,0.0,0
LW8225,1,2025-10-12,2026-04-19,189,0.0,0.0,0.0,0.0,0.0,0.0,90.0,0.0,0
LX4200,1,2025-03-10,2025-09-28,202,0.0,0.0,0.0,0.0,0.0,0.0,85.0,0.0,0
LX5262,1,2025-08-08,2025-09-26,49,0.0,0.0,0.0,0.0,0.0,0.0,80.0,0.0,0
LX9101,1,2024-12-11,2025-04-23,133,0.0,0.0,0.0,0.0,0.0,0.0,0.0,0.0,0
LY3289,3,2025-04-02,2026-03-22,354,0.0,0.0,0.0,0.0,0.0,0.0,26.666666666666668,0.0,0
LY3686,1,2025-07-07,2025-08-24,48,0.0,0.0,0.0,0.0,0.0,0.0,90.0,0.0,0
LY5085,1,2024-04-11,2024-12-23,256,0.0,0.0,0.0,0.0,0.0,0.0,85.0,0.0,0
LY8425,2,2024-11-11,2024-12-25,44,0.0,0.0,0.0,0.0,0.0,0.0,45.0,0.0,0
LZ0098,1,2025-04-09,2025-06-27,79,0.0,0.0,0.0,0.0,0.0,0.0,70.0,0.0,0
LZ4878,1,2025-10-10,2026-08-21,315,0.0,0.0,0.0,0.0,0.0,0.0,85.0,0.0,0
LZ9090,1,2025-03-02,2025-05-28,87,0.0,0.0,0.0,0.0,0.0,0.0,90.0,0.0,0
MA4965,5,2025-04-11,2026-06-17,432,0.0,0.0,0.0,0.0,0.0,0.0,84.0,0.0,1
MA4965,5,2025-04-11,2025-06-17,67,0.0,0.0,0.0,0.0,0.0,0.0,84.0,0.0,1
MA4965,5,2025-04-11,2024-06-17,-298,0.0,0.0,0.0,0.0,0.0,0.0,84.0,0.0,1
MA5881,2,2025-06-02,2026-08-20,444,0.0,0.0,0.0,0.0,0.0,0.0,90.0,0.0,0
MA5881,2,2025-06-02,2025-08-20,79,0.0,0.0,0.0,0.0,0.0,0.0,90.0,0.0,0
MA6034,1,2024-07-11,2025-03-24,256,0.0,0.0,0.0,0.0,0.0,0.0,80.0,0.0,0
MA8220,3,2025-02-10,2025-06-27,137,0.0,0.0,0.0,0.0,0.0,0.0,90.0,0.0,0
MB0612,1,2024-12-12,2025-10-29,321,0.0,0.0,0.0,0.0,0.0,0.0,90.0,0.0,0
MB0776,2,2025-05-11,2025-08-25,106,0.0,0.0,0.0,0.0,0.0,0.0,85.0,0.0,0
MB1259,1,2025-02-10,2025-10-25,257,0.0,0.0,0.0,0.0,0.0,0.0,90.0,0.0,0
MB3281,3,2025-03-11,2025-01-18,-52,0.0,0.0,0.0,0.0,0.0,0.0,83.33333333333333,0.0,0
MB3281,3,2025-03-11,2026-01-18,313,0.0,0.0,0.0,0.0,0.0,0.0,83.33333333333333,0.0,0
MB4340,3,2025-07-10,2025-06-19,-21,0.0,1.0,0.0,0.0,0.0,0.0,60.0,0.0,0
MB4340,3,2025-07-10,2026-06-19,344,0.0,1.0,0.0,0.0,0.0,0.0,60.0,0.0,0
MB8654,1,2025-10-02,2026-01-22,112,0.0,0.0,0.0,0.0,0.0,0.0,80.0,0.0,0
MC0530,2,2025-06-11,2025-11-18,160,0.0,0.0,0.0,0.0,0.0,0.0,80.0,0.0,0
MC0530,2,2025-06-11,2026-11-18,525,0.0,0.0,0.0,0.0,0.0,0.0,80.0,0.0,0
MC1419,2,2025-07-10,2025-10-20,102,0.0,0.0,0.0,0.0,0.0,0.0,0.0,0.0,0
MC1419,2,2025-07-10,2026-10-20,467,0.0,0.0,0.0,0.0,0.0,0.0,0.0,0.0,0
MC2363,1,2025-05-02,2025-11-25,207,0.0,0.0,0.0,0.0,0.0,0.0,0.0,0.0,0
MC8338,1,2025-09-12,2026-03-19,188,0.0,0.0,0.0,0.0,0.0,0.0,65.0,0.0,0
MC8816,4,2025-05-02,2025-05-19,17,0.0,1.0,0.0,0.0,0.0,0.0,90.0,0.0,1
MC8816,4,2025-05-02,2026-05-19,382,0.0,1.0,0.0,0.0,0.0,0.0,90.0,0.0,1
MD0422,2,2024-05-12,2025-09-20,496,0.0,0.0,0.0,0.0,0.0,0.0,0.0,0.0,0
MD0422,2,2024-05-12,2024-09-20,131,0.0,0.0,0.0,0.0,0.0,0.0,0.0,0.0,0
MD6446,1,2025-07-02,2025-08-29,58,0.0,0.0,0.0,0.0,0.0,0.0,80.0,0.0,0
ME0108,1,2025-06-11,2025-09-24,105,0.0,0.0,0.0,0.0,0.0,0.0,90.0,0.0,0
ME1704,1,2025-01-10,2025-08-29,231,0.0,0.0,0.0,0.0,0.0,0.0,90.0,0.0,0
ME5598,1,2025-01-12,2025-03-26,73,0.0,0.0,0.0,0.0,0.0,0.0,80.0,0.0,0
ME8032,1,2026-07-01,2026-11-18,140,0.0,0.0,0.0,0.0,0.0,0.0,80.0,0.0,0
ME9794,2,2025-07-04,2025-08-22,49,0.0,0.0,0.0,0.0,0.0,0.0,80.0,0.0,0
ME9794,2,2025-07-04,2026-08-22,414,0.0,0.0,0.0,0.0,0.0,0.0,80.0,0.0,0
ME9963,4,2025-08-10,2025-07-18,-23,1.0,1.0,0.0,0.0,0.0,0.0,75.0,0.2,1
ME9963,4,2025-08-10,2026-07-18,342,1.0,1.0,0.0,0.0,0.0,0.0,75.0,0.2,1
ME9963,4,2025-08-10,2024-07-18,-388,1.0,1.0,0.0,0.0,0.0,0.0,75.0,0.2,1
MF5768,2,2025-10-10,2026-10-19,374,0.0,1.0,0.0,0.0,0.0,0.0,50.0,0.0,0
MF5768,2,2025-10-10,2025-10-19,9,0.0,1.0,0.0,0.0,0.0,0.0,50.0,0.0,0
MF6292,2,2025-03-03,2025-04-20,48,0.0,0.0,0.0,0.0,0.0,0.0,80.0,0.0,0
MF6292,2,2025-03-03,2026-04-20,413,0.0,0.0,0.0,0.0,0.0,0.0,80.0,0.0,0
MF7392,1,2025-05-06,2025-05-24,18,0.0,1.0,0.0,0.0,0.0,0.0,90.0,0.0,0
MG2021,4,2025-05-02,2025-09-20,141,0.0,0.0,0.0,0.0,0.0,0.0,85.0,0.0,1
MG2021,4,2025-05-02,2026-09-20,506,0.0,0.0,0.0,0.0,0.0,0.0,85.0,0.0,1
MG2152,1,2025-02-06,2025-10-23,259,0.0,0.0,0.0,0.0,0.0,0.0,0.0,0.0,0
MG8242,2,2025-05-03,2025-11-20,201,0.0,0.0,0.0,0.0,0.0,0.0,80.0,0.0,0
MG8242,2,2025-05-03,2026-11-20,566,0.0,0.0,0.0,0.0,0.0,0.0,80.0,0.0,0
MG8959,2,2025-03-11,2025-11-20,254,0.0,0.0,0.0,0.0,0.0,0.0,80.0,0.0,0
MG8959,2,2025-03-11,2026-11-20,619,0.0,0.0,0.0,0.0,0.0,0.0,80.0,0.0,0
MH3121,1,2025-03-11,2025-11-27,261,0.0,0.0,0.0,0.0,0.0,0.0,90.0,0.0,0
MH5455,1,2025-01-04,2025-07-27,204,0.0,0.0,0.0,0.0,0.0,0.0,80.0,0.0,0
MH6648,2,2024-06-12,2024-12-20,191,0.0,0.0,0.0,0.0,0.0,0.0,90.0,0.0,0
MH6648,2,2024-06-12,2025-12-20,556,0.0,0.0,0.0,0.0,0.0,0.0,90.0,0.0,0
MH7209,1,2025-01-07,2025-06-24,168,0.0,0.0,0.0,0.0,0.0,0.0,90.0,0.0,0
MI2473,1,2025-07-07,2025-08-24,48,0.0,0.0,0.0,0.0,0.0,0.0,80.0,0.0,0
MI4007,1,2025-04-08,2025-05-28,50,0.0,0.0,0.0,0.0,0.0,0.0,80.0,0.0,0
MI5225,1,2025-03-07,2025-05-25,79,0.0,0.0,0.0,0.0,0.0,0.0,80.0,0.0,0
MJ3576,2,2025-09-05,2026-08-22,351,0.0,0.0,0.0,0.0,0.0,0.0,70.0,0.0,0
MJ3815,2,2025-03-07,2025-04-25,49,0.0,0.0,0.0,0.0,0.0,0.0,85.0,0.0,0
MJ5103,2,2024-05-12,2025-11-22,559,0.0,0.0,0.0,0.0,0.0,0.0,0.0,0.0,0
MJ5103,2,2024-05-12,2024-11-22,194,0.0,0.0,0.0,0.0,0.0,0.0,0.0,0.0,0
MK0530,1,2025-05-12,2025-06-23,42,0.0,0.0,0.0,0.0,0.0,0.0,50.0,0.0,0
MK4216,1,2025-10-02,2026-07-21,292,0.0,0.0,0.0,0.0,0.0,0.0,70.0,0.0,0
ML4419,1,2025-03-12,2025-07-28,138,0.0,0.0,0.0,0.0,0.0,0.0,80.0,0.0,0
MM3867,1,2024-06-11,2025-03-26,288,0.0,0.0,0.0,0.0,0.0,0.0,80.0,0.0,0
MM4884,2,2025-05-02,2025-11-21,203,0.0,0.0,0.0,0.0,0.0,0.0,90.0,0.0,0
MM4884,2,2025-05-02,2026-11-21,568,0.0,0.0,0.0,0.0,0.0,0.0,90.0,0.0,0
MN0745,3,2024-06-11,2025-11-19,526,0.0,0.0,0.0,0.0,0.0,0.0,90.0,0.0,0
MN0745,3,2024-06-11,2026-11-19,891,0.0,0.0,0.0,0.0,0.0,0.0,90.0,0.0,0
MN0745,3,2024-06-11,2024-11-19,161,0.0,0.0,0.0,0.0,0.0,0.0,90.0,0.0,0
MN1577,6,2025-04-12,2025-08-22,132,0.0,0.0,0.0,0.0,0.0,0.0,33.333333333333336,0.0,1
MN1577,6,2025-04-12,2026-08-22,497,0.0,0.0,0.0,0.0,0.0,0.0,33.333333333333336,0.0,1
MN6826,1,2025-02-10,2025-11-27,290,0.0,0.0,0.0,0.0,0.0,0.0,90.0,0.0,0
MN7065,1,2025-02-05,2025-03-28,51,0.0,0.0,0.0,0.0,0.0,0.0,80.0,0.0,0
MN7672,1,2025-02-10,2026-01-19,343,0.0,0.0,0.0,0.0,0.0,0.0,0.0,0.0,0
MN7915,2,2025-06-11,2025-10-20,131,0.0,0.0,0.0,0.0,0.0,0.0,90.0,0.0,0
MN7915,2,2025-06-11,2026-10-20,496,0.0,0.0,0.0,0.0,0.0,0.0,90.0,0.0,0
MO2456,1,2025-03-01,2025-12-19,293,0.0,0.0,0.0,0.0,0.0,0.0,0.0,0.0,0
MO9520,3,2024-04-12,2025-10-19,555,0.0,0.0,0.0,0.0,0.0,0.0,90.0,0.0,0
MO9520,3,2024-04-12,2026-10-19,920,0.0,0.0,0.0,0.0,0.0,0.0,90.0,0.0,0
MO9520,3,2024-04-12,2024-10-19,190,0.0,0.0,0.0,0.0,0.0,0.0,90.0,0.0,0
MP3923,1,2025-04-12,2026-03-18,340,0.0,0.0,0.0,0.0,0.0,0.0,0.0,0.0,0
MP3928,3,2026-05-01,2025-06-20,-315,0.0,0.0,0.0,0.0,0.0,0.0,83.33333333333333,0.0,0
MP3928,3,2026-05-01,2026-06-20,50,0.0,0.0,0.0,0.0,0.0,0.0,83.33333333333333,0.0,0
MP4273,2,2025-06-10,2025-11-27,170,0.0,0.0,0.0,0.0,0.0,0.0,50.0,0.0,0
MP6155,1,2025-01-10,2025-04-27,107,0.0,0.0,0.0,0.0,0.0,0.0,90.0,0.0,0
MP6672,1,2025-04-08,2025-09-27,172,0.0,0.0,0.0,0.0,0.0,0.0,100.0,0.0,0
MP6911,1,2025-10-12,2026-08-22,314,0.0,0.0,0.0,0.0,0.0,0.0,80.0,0.0,0
MP8814,2,2025-08-04,2025-11-27,115,0.0,0.0,0.0,0.0,0.0,0.0,85.0,0.0,0
MP9357,1,2025-09-04,2025-11-22,79,0.0,0.0,0.0,0.0,0.0,0.0,90.0,0.0,0
MP9531,1,2025-10-03,2025-11-27,55,0.0,0.0,0.0,0.0,0.0,0.0,80.0,0.0,0
MQ0009,1,2025-05-03,2025-10-28,178,0.0,0.0,0.0,0.0,0.0,0.0,60.0,0.0,0
MQ1939,2,2024-04-12,2025-11-25,592,0.0,0.0,0.0,0.0,0.0,0.0,90.0,0.0,0
MQ1939,2,2024-04-12,2024-11-25,227,0.0,0.0,0.0,0.0,0.0,0.0,90.0,0.0,0
MQ2886,2,2025-09-12,2025-12-22,101,0.0,0.0,0.0,0.0,0.0,0.0,60.0,0.0,0
MQ3010,6,2025-08-01,2025-02-19,-163,0.0,0.0,0.0,0.0,0.0,0.0,87.5,0.0,1
MQ3010,6,2025-08-01,2026-02-19,202,0.0,0.0,0.0,0.0,0.0,0.0,87.5,0.0,1
MQ4320,2,2024-07-11,2025-04-17,280,0.0,0.0,0.0,0.0,0.0,0.0,0.0,0.0,0
MQ4320,2,2024-07-11,2026-04-17,645,0.0,0.0,0.0,0.0,0.0,0.0,0.0,0.0,0
MQ6855,2,2025-03-10,2025-11-24,259,0.0,0.0,0.0,0.0,0.0,0.0,25.0,0.0,0
MR4588,1,2025-03-10,2025-03-29,19,0.0,1.0,0.0,0.0,0.0,0.0,90.0,0.0,0
MR7466,2,2025-04-06,2025-07-29,114,0.0,0.0,0.0,0.0,0.0,0.0,90.0,0.0,0
MR8919,1,2024-09-12,2025-06-23,284,0.0,0.0,0.0,0.0,0.0,0.0,0.0,0.0,0
MR9386,1,2024-11-11,2025-08-23,285,0.0,0.0,0.0,0.0,0.0,0.0,90.0,0.0,0
MS1413,2,2025-03-10,2025-05-21,72,0.0,0.0,0.0,0.0,0.0,0.0,85.0,0.0,0
MS1413,2,2025-03-10,2026-05-21,437,0.0,0.0,0.0,0.0,0.0,0.0,85.0,0.0,0
MS1933,1,2024-06-11,2024-12-28,200,0.0,0.0,0.0,0.0,0.0,0.0,75.0,0.0,0
MS3679,3,2025-11-02,2026-03-22,140,0.0,0.0,0.0,0.0,0.0,0.0,33.333333333333336,0.0,0
MS4396,2,2025-10-12,2026-01-22,102,0.0,0.0,0.0,0.0,0.0,0.0,42.5,0.0,0
MS4520,3,2025-12-02,2026-04-21,140,0.0,0.0,0.0,0.0,0.0,0.0,90.0,0.0,0
MS4635,1,2025-07-10,2026-01-22,196,0.0,0.0,0.0,0.0,0.0,0.0,90.0,0.0,0
MS6547,2,2025-01-04,2025-01-22,18,0.0,1.0,0.0,0.0,0.0,0.0,0.0,0.0,0
MS6547,2,2025-01-04,2026-01-22,383,0.0,1.0,0.0,0.0,0.0,0.0,0.0,0.0,0
MS7912,2,2024-05-11,2025-05-25,379,0.0,0.0,0.0,0.0,0.0,0.0,85.0,0.0,0
MT5160,1,2025-07-08,2025-08-29,52,0.0,0.0,0.0,0.0,0.0,0.0,80.0,0.0,0
MT5514,1,2026-05-01,2026-06-17,47,0.0,0.0,0.0,0.0,0.0,0.0,40.0,0.0,0
MT7822,1,2025-02-06,2025-06-22,136,0.0,0.0,0.0,0.0,0.0,0.0,90.0,0.0,0
MT8019,1,2025-08-10,2025-09-25,46,0.0,0.0,0.0,0.0,0.0,0.0,90.0,0.0,0
MT8488,1,2025-09-05,2025-11-28,84,0.0,0.0,0.0,0.0,0.0,0.0,80.0,0.0,0
MT8621,1,2025-02-12,2025-09-28,228,0.0,0.0,0.0,0.0,0.0,0.0,90.0,0.0,0
MT9692,2,2025-07-10,2025-08-22,43,0.0,0.0,0.0,0.0,0.0,0.0,80.0,0.0,0
MT9692,2,2025-07-10,2026-08-22,408,0.0,0.0,0.0,0.0,0.0,0.0,80.0,0.0,0
MU5535,1,2025-01-12,2025-07-26,195,0.0,0.0,0.0,0.0,0.0,0.0,90.0,0.0,0
MV1636,4,2025-06-10,2025-11-18,161,0.0,0.0,0.0,0.0,0.0,0.0,40.0,0.0,1
MV1636,4,2025-06-10,2026-11-18,526,0.0,0.0,0.0,0.0,0.0,0.0,40.0,0.0,1
MW1565,1,2025-05-06,2025-11-27,205,0.0,0.0,0.0,0.0,0.0,0.0,80.0,0.0,0
MW8533,1,2025-03-06,2025-04-23,48,0.0,0.0,0.0,0.0,0.0,0.0,0.0,0.0,0
MX2197,3,2025-07-11,2025-07-29,18,0.0,1.0,0.0,0.0,0.0,0.0,90.0,0.0,0
MZ1095,2,2025-05-02,2025-08-19,109,0.0,0.0,0.0,0.0,0.0,0.0,80.0,0.0,0
MZ1095,2,2025-05-02,2026-08-19,474,0.0,0.0,0.0,0.0,0.0,0.0,80.0,0.0,0
MZ4069,1,2025-06-10,2025-06-28,18,0.0,1.0,0.0,0.0,0.0,0.0,85.0,0.0,0
MZ6680,1,2025-03-04,2025-11-28,269,0.0,0.0,0.0,0.0,0.0,0.0,60.0,0.0,0
MZ6837,2,2025-07-04,2025-09-23,81,0.0,0.0,0.0,0.0,0.0,0.0,87.5,0.0,0
NA0138,1,2025-12-11,2026-04-20,130,0.0,0.0,0.0,0.0,0.0,0.0,90.0,0.0,0
NA0816,1,2025-02-04,2026-01-20,350,0.0,0.0,0.0,0.0,0.0,0.0,90.0,0.0,0
NA2696,1,2024-06-12,2025-03-25,286,0.0,0.0,0.0,0.0,0.0,0.0,80.0,0.0,0
NA3445,1,2024-02-12,2025-01-24,347,0.0,0.0,0.0,0.0,0.0,0.0,90.0,0.0,0
NA3868,2,2025-03-10,2025-09-20,194,0.0,0.0,0.0,0.0,0.0,0.0,90.0,0.0,0
NA3868,2,2025-03-10,2026-09-20,559,0.0,0.0,0.0,0.0,0.0,0.0,90.0,0.0,0
NA5458,1,2025-03-06,2025-10-28,236,0.0,0.0,0.0,0.0,0.0,0.0,0.0,0.0,0
NA9151,3,2025-03-11,2025-02-17,-22,1.0,1.0,0.0,0.0,0.0,0.0,40.0,0.25,0
NA9151,3,2025-03-11,2026-02-17,343,1.0,1.0,0.0,0.0,0.0,0.0,40.0,0.25,0
NB7021,1,2025-07-01,2025-07-26,25,0.0,1.0,0.0,0.0,0.0,0.0,80.0,0.0,0
NB7023,1,2025-03-04,2025-03-27,23,0.0,1.0,0.0,0.0,0.0,0.0,80.0,0.0,0
NB9103,1,2024-04-12,2025-03-29,351,0.0,0.0,0.0,0.0,0.0,0.0,90.0,0.0,0
NC3944,1,2025-01-10,2025-07-23,194,0.0,0.0,0.0,0.0,0.0,0.0,50.0,0.0,0
NC5345,1,2025-05-12,2025-10-28,169,0.0,0.0,0.0,0.0,0.0,0.0,60.0,0.0,0
NC5856,1,2024-02-12,2025-01-27,350,0.0,0.0,0.0,0.0,0.0,0.0,90.0,0.0,0
NC6658,2,2024-10-12,2025-09-17,340,0.0,0.0,0.0,0.0,0.0,0.0,90.0,0.0,0
NC6658,2,2024-10-12,2026-09-17,705,0.0,0.0,0.0,0.0,0.0,0.0,90.0,0.0,0
ND0878,1,2025-03-02,2025-06-23,113,0.0,0.0,0.0,0.0,0.0,0.0,90.0,0.0,0
ND1707,2,2024-06-12,2025-05-25,347,0.0,0.0,0.0,0.0,0.0,0.0,82.5,0.0,0
ND3141,1,2025-03-09,2025-07-26,139,0.0,0.0,0.0,0.0,0.0,0.0,90.0,0.0,0
ND3904,2,2025-03-01,2025-05-18,78,0.0,0.0,0.0,0.0,0.0,0.0,90.0,0.0,0
ND3904,2,2025-03-01,2026-05-18,443,0.0,0.0,0.0,0.0,0.0,0.0,90.0,0.0,0
ND4345,4,2025-07-05,2025-09-22,79,0.0,0.0,0.0,0.0,0.0,0.0,86.25,0.0,1
NE1746,2,2025-03-10,2025-03-24,14,0.0,2.0,0.0,0.0,0.0,0.0,40.0,0.0,0
NE2480,1,2025-09-10,2026-04-19,221,0.0,0.0,0.0,0.0,0.0,0.0,70.0,0.0,0
NE5444,3,2024-06-11,2024-03-28,-75,0.0,0.0,0.0,0.0,0.0,0.0,30.0,0.0,0
NE5444,3,2024-06-11,2025-03-28,290,0.0,0.0,0.0,0.0,0.0,0.0,30.0,0.0,0
NE7164,1,2025-01-12,2025-04-28,106,0.0,0.0,0.0,0.0,0.0,0.0,90.0,0.0,0
NE7242,2,2025-03-11,2025-11-21,255,0.0,0.0,0.0,0.0,0.0,0.0,0.0,0.0,0
NE7242,2,2025-03-11,2026-11-21,620,0.0,0.0,0.0,0.0,0.0,0.0,0.0,0.0,0
NE7885,1,2025-03-06,2025-06-27,113,0.0,0.0,0.0,0.0,0.0,0.0,50.0,0.0,0
NF8121,6,2025-06-11,2025-01-21,-141,0.0,0.0,0.0,0.0,0.0,0.0,83.33333333333333,0.0,1
NF8121,6,2025-06-11,2026-01-21,224,0.0,0.0,0.0,0.0,0.0,0.0,83.33333333333333,0.0,1
NF8657,1,2025-03-04,2025-05-28,85,0.0,0.0,0.0,0.0,0.0,0.0,80.0,0.0,0
NG1104,1,2024-08-11,2024-12-23,134,0.0,0.0,0.0,0.0,0.0,0.0,90.0,0.0,0
NG2777,1,2025-03-03,2025-09-23,204,0.0,0.0,0.0,0.0,0.0,0.0,90.0,0.0,0
NG5465,1,2025-11-11,2026-05-22,192,0.0,0.0,0.0,0.0,0.0,0.0,80.0,0.0,0
NG7723,3,2025-10-12,2025-07-22,-82,0.0,0.0,0.0,0.0,0.0,0.0,86.66666666666667,0.0,0
NG7723,3,2025-10-12,2026-07-22,283,0.0,0.0,0.0,0.0,0.0,0.0,86.66666666666667,0.0,0
NI1307,1,2025-06-01,2025-08-28,88,0.0,0.0,0.0,0.0,0.0,0.0,90.0,0.0,0
NI1834,1,2025-07-11,2025-09-22,73,0.0,0.0,0.0,0.0,0.0,0.0,90.0,0.0,0
NI2127,1,2025-08-10,2025-11-27,109,0.0,0.0,0.0,0.0,0.0,0.0,80.0,0.0,0
NI5523,2,2025-01-12,2025-10-23,284,0.0,0.0,0.0,0.0,0.0,0.0,45.0,0.0,0
NI7685,1,2025-06-05,2026-05-22,351,0.0,0.0,0.0,0.0,0.0,0.0,90.0,0.0,0
NJ1006,1,2025-10-02,2025-11-24,53,0.0,0.0,0.0,0.0,0.0,0.0,50.0,0.0,0
NJ3620,4,2025-10-04,2025-10-22,18,0.0,1.0,0.0,0.0,0.0,0.0,42.5,0.0,1
NJ3620,4,2025-10-04,2026-10-22,383,0.0,1.0,0.0,0.0,0.0,0.0,42.5,0.0,1
NJ3962,3,2026-06-01,2025-11-18,-195,0.0,0.0,0.0,0.0,0.0,0.0,83.33333333333333,0.0,0
NJ3962,3,2026-06-01,2026-11-18,170,0.0,0.0,0.0,0.0,0.0,0.0,83.33333333333333,0.0,0
NJ6395,6,2025-10-07,2026-05-22,227,0.0,0.0,0.0,0.0,0.0,0.0,50.0,0.0,1
NK1026,3,2025-02-07,2025-02-25,18,0.0,2.0,0.0,0.0,0.0,0.0,71.66666666666667,0.0,0
NK1882,1,2025-05-02,2026-04-18,351,0.0,0.0,0.0,0.0,0.0,0.0,90.0,0.0,0
NK2097,3,2025-09-12,2026-03-20,189,0.0,0.0,0.0,0.0,0.0,0.0,73.33333333333333,0.0,0
NK2097,3,2025-09-12,2025-03-20,-176,0.0,0.0,0.0,0.0,0.0,0.0,73.33333333333333,0.0,0
NK7116,1,2025-07-04,2025-08-23,50,0.0,0.0,0.0,0.0,0.0,0.0,90.0,0.0,0
NL1695,1,2024-10-10,2025-05-27,229,0.0,0.0,0.0,0.0,0.0,0.0,40.0,0.0,0
NL2138,6,2025-04-11,2025-09-18,160,0.0,0.0,0.0,0.0,0.0,0.0,0.0,0.0,1
NL2138,6,2025-04-11,2026-09-18,525,0.0,0.0,0.0,0.0,0.0,0.0,0.0,0.0,1
NL5337,1,2025-01-10,2025-04-28,108,0.0,0.0,0.0,0.0,0.0,0.0,85.0,0.0,0
NL5774,1,2024-12-12,2025-01-25,44,0.0,0.0,0.0,0.0,0.0,0.0,100.0,0.0,0
NM1849,1,2025-01-12,2025-05-27,135,0.0,0.0,0.0,0.0,0.0,0.0,90.0,0.0,0
NM2120,1,2025-05-02,2025-08-28,118,0.0,0.0,0.0,0.0,0.0,0.0,80.0,0.0,0
NM8263,1,2025-07-01,2026-03-19,261,0.0,0.0,0.0,0.0,0.0,0.0,50.0,0.0,0
NM9821,4,2024-06-12,2025-11-23,529,0.0,0.0,0.0,0.0,0.0,0.0,35.0,0.0,1
NM9821,4,2024-06-12,2024-11-23,164,0.0,0.0,0.0,0.0,0.0,0.0,35.0,0.0,1
NN0313,2,2025-02-01,2025-02-22,21,0.0,2.0,0.0,0.0,0.0,0.0,0.0,0.0,0
NN5057,1,2025-05-12,2025-05-28,16,0.0,1.0,0.0,0.0,0.0,0.0,80.0,0.0,0
NN5149,2,2025-02-04,2026-10-21,624,0.0,0.0,0.0,0.0,0.0,0.0,92.0,0.0,0
NN5149,2,2025-02-04,2025-10-21,259,0.0,0.0,0.0,0.0,0.0,0.0,92.0,0.0,0
NN7345,1,2024-10-12,2025-04-23,193,0.0,0.0,0.0,0.0,0.0,0.0,85.0,0.0,0
NN9257,1,2025-02-06,2025-08-24,199,0.0,0.0,0.0,0.0,0.0,0.0,50.0,0.0,0
NO2125,1,2024-12-12,2025-07-23,223,0.0,0.0,0.0,0.0,0.0,0.0,0.0,0.0,0
NO4400,1,2025-01-07,2025-02-21,45,0.0,0.0,0.0,0.0,0.0,0.0,90.0,0.0,0
NO4515,2,2025-07-11,2025-07-21,10,0.0,1.0,0.0,0.0,0.0,0.0,0.0,0.0,0
NO4515,2,2025-07-11,2026-07-21,375,0.0,1.0,0.0,0.0,0.0,0.0,0.0,0.0,0
NO6152,2,2025-04-02,2025-07-19,108,0.0,0.0,0.0,0.0,0.0,0.0,80.0,0.0,0
NO6152,2,2025-04-02,2026-07-19,473,0.0,0.0,0.0,0.0,0.0,0.0,80.0,0.0,0
NO7181,2,2025-06-11,2025-07-29,48,0.0,0.0,0.0,0.0,0.0,0.0,90.0,0.0,0
NP3240,3,2025-08-12,2025-06-20,-53,0.0,1.0,0.0,0.0,0.0,0.0,53.333333333333336,0.0,0
NP3240,3,2025-08-12,2026-06-20,312,0.0,1.0,0.0,0.0,0.0,0.0,53.333333333333336,0.0,0
NP6704,2,2025-04-12,2025-11-22,224,0.0,0.0,0.0,0.0,0.0,0.0,75.0,0.0,0
NP7171,1,2025-03-07,2025-11-23,261,0.0,0.0,0.0,0.0,0.0,0.0,80.0,0.0,0
NQ6273,2,2025-11-12,2025-11-18,6,1.0,1.0,0.0,0.0,0.0,0.0,80.0,0.3333333333333333,0
NQ6273,2,2025-11-12,2026-11-18,371,1.0,1.0,0.0,0.0,0.0,0.0,80.0,0.3333333333333333,0
NQ8553,2,2025-04-02,2025-07-20,109,0.0,0.0,0.0,0.0,0.0,0.0,70.0,0.0,0
NQ8553,2,2025-04-02,2026-07-20,474,0.0,0.0,0.0,0.0,0.0,0.0,70.0,0.0,0
NQ8778,1,2025-02-05,2025-05-27,111,0.0,0.0,0.0,0.0,0.0,0.0,100.0,0.0,0
NR2421,2,2024-10-12,2025-05-21,221,0.0,0.0,0.0,0.0,0.0,0.0,40.0,0.0,0
NR4973,1,2025-11-12,2026-03-22,130,0.0,0.0,0.0,0.0,0.0,0.0,70.0,0.0,0
NR6495,8,2025-07-02,2025-09-21,81,0.0,0.0,0.0,0.0,0.0,0.0,20.0,0.0,1
NR6495,8,2025-07-02,2026-09-21,446,0.0,0.0,0.0,0.0,0.0,0.0,20.0,0.0,1
NR7484,1,2024-12-12,2025-02-26,76,0.0,0.0,0.0,0.0,0.0,0.0,90.0,0.0,0
NS2392,1,2025-09-12,2026-03-18,187,0.0,0.0,0.0,0.0,0.0,0.0,80.0,0.0,0
NS4013,1,2025-02-09,2025-03-29,48,0.0,0.0,0.0,0.0,0.0,0.0,85.0,0.0,0
NS4345,2,2025-06-10,2025-10-27,139,0.0,0.0,0.0,0.0,0.0,0.0,40.0,0.0,0
NS5269,2,2024-08-11,2025-03-21,222,0.0,0.0,0.0,0.0,0.0,0.0,0.0,0.0,0
NS5269,2,2024-08-11,2026-03-21,587,0.0,0.0,0.0,0.0,0.0,0.0,0.0,0.0,0
NS6625,10,2025-11-03,2025-10-20,-14,0.0,1.0,0.0,0.0,0.0,0.0,64.0,0.0,1
NS6625,10,2025-11-03,2026-10-20,351,0.0,1.0,0.0,0.0,0.0,0.0,64.0,0.0,1
NS6625,10,2025-11-03,2024-10-20,-379,0.0,1.0,0.0,0.0,0.0,0.0,64.0,0.0,1
NT5048,1,2025-03-03,2025-06-27,116,0.0,0.0,0.0,0.0,0.0,0.0,85.0,0.0,0
NT7352,2,2025-09-10,2025-09-23,13,0.0,2.0,0.0,0.0,0.0,0.0,42.5,0.0,0
NT7458,5,2024-07-11,2025-04-22,285,0.0,2.0,0.0,0.0,0.0,0.0,17.0,0.0,1
NT7458,5,2024-07-11,2024-04-22,-80,0.0,2.0,0.0,0.0,0.0,0.0,17.0,0.0,1
NU0776,2,2025-01-07,2025-01-25,18,0.0,1.0,0.0,0.0,0.0,0.0,0.0,0.0,0
NU4590,2,2025-08-01,2025-08-26,25,0.0,1.0,0.0,0.0,0.0,0.0,87.5,0.0,0
NU5514,3,2024-09-12,2025-10-22,405,0.0,0.0,0.0,0.0,0.0,0.0,90.0,0.0,0
NU5514,3,2024-09-12,2026-10-22,770,0.0,0.0,0.0,0.0,0.0,0.0,90.0,0.0,0
NU5514,3,2024-09-12,2024-10-22,40,0.0,0.0,0.0,0.0,0.0,0.0,90.0,0.0,0
NU9317,1,2024-08-11,2025-04-22,254,0.0,0.0,0.0,0.0,0.0,0.0,80.0,0.0,0
NV1403,2,2025-08-12,2025-08-18,6,1.0,1.0,0.0,0.0,0.0,0.0,85.0,0.3333333333333333,0
NV1403,2,2025-08-12,2026-08-18,371,1.0,1.0,0.0,0.0,0.0,0.0,85.0,0.3333333333333333,0
NV3949,1,2025-05-06,2025-11-26,204,0.0,0.0,0.0,0.0,0.0,0.0,0.0,0.0,0
NW2686,1,2025-03-06,2025-12-18,287,0.0,0.0,0.0,0.0,0.0,0.0,90.0,0.0,0
NW3748,3,2024-09-12,2025-11-20,434,0.0,0.0,0.0,0.0,0.0,0.0,80.0,0.0,0
NW3748,3,2024-09-12,2026-11-20,799,0.0,0.0,0.0,0.0,0.0,0.0,80.0,0.0,0
NW3748,3,2024-09-12,2024-11-20,69,0.0,0.0,0.0,0.0,0.0,0.0,80.0,0.0,0
NW4274,1,2025-08-10,2025-11-26,108,0.0,0.0,0.0,0.0,0.0,0.0,80.0,0.0,0
NW4350,1,2025-11-02,2026-09-21,323,0.0,0.0,0.0,0.0,0.0,0.0,0.0,0.0,0
NW6377,5,2024-12-11,2025-06-21,192,0.0,0.0,0.0,0.0,0.0,0.0,84.0,0.0,1
NW6377,5,2024-12-11,2026-06-21,557,0.0,0.0,0.0,0.0,0.0,0.0,84.0,0.0,1
NW6377,5,2024-12-11,2024-06-21,-173,0.0,0.0,0.0,0.0,0.0,0.0,84.0,0.0,1
NW7405,3,2025-07-03,2025-10-27,116,0.0,0.0,0.0,0.0,0.0,0.0,86.66666666666667,0.0,0
NX1085,2,2025-01-12,2025-03-21,68,0.0,0.0,0.0,0.0,0.0,0.0,90.0,0.0,0
NX1085,2,2025-01-12,2026-03-21,433,0.0,0.0,0.0,0.0,0.0,0.0,90.0,0.0,0
NX2228,1,2025-04-07,2025-04-23,16,0.0,1.0,0.0,0.0,0.0,0.0,50.0,0.0,0
NX2738,1,2025-04-06,2025-05-29,53,0.0,0.0,0.0,0.0,0.0,0.0,85.0,0.0,0
NX3786,2,2025-08-07,2025-09-25,49,0.0,0.0,0.0,0.0,0.0,0.0,40.0,0.0,0
NX6893,2,2025-04-09,2025-05-26,47,0.0,0.0,0.0,0.0,0.0,0.0,90.0,0.0,0
NY1205,9,2024-06-11,2025-09-21,467,0.0,0.0,0.0,0.0,0.0,0.0,70.0,0.0,1
NY1205,9,2024-06-11,2026-09-21,832,0.0,0.0,0.0,0.0,0.0,0.0,70.0,0.0,1
NY1205,9,2024-06-11,2024-09-21,102,0.0,0.0,0.0,0.0,0.0,0.0,70.0,0.0,1
NY7409,2,2024-08-11,2025-08-25,379,0.0,1.0,0.0,0.0,0.0,0.0,80.0,0.0,0
NY7409,2,2024-08-11,2024-08-25,14,0.0,1.0,0.0,0.0,0.0,0.0,80.0,0.0,0
NZ5684,2,2025-02-10,2025-02-26,16,0.0,2.0,0.0,0.0,0.0,0.0,35.0,0.0,0
NZ6845,1,2025-04-06,2025-08-24,140,0.0,0.0,0.0,0.0,0.0,0.0,0.0,0.0,0
NZ7447,2,2025-04-12,2025-04-21,9,0.0,1.0,0.0,0.0,0.0,0.0,80.0,0.0,0
NZ7447,2,2025-04-12,2026-04-21,374,0.0,1.0,0.0,0.0,0.0,0.0,80.0,0.0,0
OA1625,1,2025-03-06,2025-09-23,201,0.0,0.0,0.0,0.0,0.0,0.0,80.0,0.0,0
OA2661,1,2025-04-02,2025-06-25,84,0.0,0.0,0.0,0.0,0.0,0.0,80.0,0.0,0
OA3661,1,2024-11-12,2025-03-23,131,0.0,0.0,0.0,0.0,0.0,0.0,90.0,0.0,0
OA3900,3,2025-11-02,2025-11-28,26,0.0,1.0,0.0,0.0,0.0,0.0,26.666666666666668,0.0,0
OA6284,1,2025-10-10,2026-04-19,191,0.0,0.0,0.0,0.0,0.0,0.0,0.0,0.0,0
OA7485,2,2025-06-03,2025-09-21,110,0.0,0.0,0.0,0.0,0.0,0.0,0.0,0.0,0
OA7485,2,2025-06-03,2026-09-21,475,0.0,0.0,0.0,0.0,0.0,0.0,0.0,0.0,0
OB0880,2,2025-07-10,2025-10-28,110,0.0,0.0,0.0,0.0,0.0,0.0,75.0,0.0,0
OB1663,2,2024-09-12,2024-12-27,106,0.0,0.0,0.0,0.0,0.0,0.0,50.0,0.0,0
OB1932,3,2025-02-09,2025-10-27,260,0.0,0.0,0.0,0.0,0.0,0.0,86.66666666666667,0.0,0
OB2517,1,2025-03-02,2025-10-25,237,0.0,0.0,0.0,0.0,0.0,0.0,60.0,0.0,0
OC5649,2,2025-03-12,2025-09-18,190,0.0,0.0,0.0,0.0,0.0,0.0,80.0,0.0,0
OC5649,2,2025-03-12,2026-09-18,555,0.0,0.0,0.0,0.0,0.0,0.0,80.0,0.0,0
OC8646,1,2024-09-12,2025-01-29,139,0.0,0.0,0.0,0.0,0.0,0.0,90.0,0.0,0
OD4886,1,2025-01-07,2025-01-25,18,0.0,1.0,0.0,0.0,0.0,0.0,80.0,0.0,0
OD9989,1,2025-02-06,2025-05-25,108,0.0,0.0,0.0,0.0,0.0,0.0,90.0,0.0,0
OE0228,1,2025-02-04,2025-02-26,22,0.0,1.0,0.0,0.0,0.0,0.0,0.0,0.0,0
OF1451,2,2024-12-11,2025-12-20,374,0.0,1.0,0.0,0.0,0.0,0.0,90.0,0.0,0
OF1451,2,2024-12-11,2024-12-20,9,0.0,1.0,0.0,0.0,0.0,0.0,90.0,0.0,0
OF3727,1,2025-09-06,2025-10-24,48,0.0,0.0,0.0,0.0,0.0,0.0,80.0,0.0,0
OF4125,1,2025-09-12,2026-09-17,370,0.0,0.0,0.0,0.0,0.0,0.0,80.0,0.0,0
OF4419,3,2025-03-04,2025-05-24,81,0.0,0.0,0.0,0.0,0.0,0.0,83.33333333333333,0.0,0
OF8392,2,2025-03-04,2025-04-20,47,0.0,0.0,0.0,0.0,0.0,0.0,90.0,0.0,0
OF8392,2,2025-03-04,2026-04-20,412,0.0,0.0,0.0,0.0,0.0,0.0,90.0,0.0,0
OG2216,1,2025-02-07,2025-03-27,48,0.0,0.0,0.0,0.0,0.0,0.0,80.0,0.0,0
OG5810,1,2025-02-09,2025-04-25,75,0.0,0.0,0.0,0.0,0.0,0.0,80.0,0.0,0
OG6775,2,2025-05-11,2025-08-20,101,0.0,0.0,0.0,0.0,0.0,0.0,80.0,0.0,0
OG6775,2,2025-05-11,2026-08-20,466,0.0,0.0,0.0,0.0,0.0,0.0,80.0,0.0,0
OH3076,10,2025-03-10,2025-10-22,226,0.0,0.0,0.0,0.0,0.0,0.0,48.0,0.0,1
OH3076,10,2025-03-10,2026-10-22,591,0.0,0.0,0.0,0.0,0.0,0.0,48.0,0.0,1
OH3076,10,2025-03-10,2024-10-22,-139,0.0,0.0,0.0,0.0,0.0,0.0,48.0,0.0,1
OH7495,1,2025-01-05,2025-10-24,292,0.0,0.0,0.0,0.0,0.0,0.0,90.0,0.0,0
OH8251,4,2025-08-01,2025-08-18,17,0.0,1.0,0.0,0.0,0.0,0.0,80.0,0.0,1
OH8251,4,2025-08-01,2026-08-18,382,0.0,1.0,0.0,0.0,0.0,0.0,80.0,0.0,1
OH9052,4,2025-04-12,2025-08-27,137,0.0,0.0,0.0,0.0,0.0,0.0,80.0,0.0,1
OI2168,1,2025-02-04,2025-11-23,292,0.0,0.0,0.0,0.0,0.0,0.0,85.0,0.0,0
OI3593,1,2025-05-02,2025-09-28,149,0.0,0.0,0.0,0.0,0.0,0.0,80.0,0.0,0
OI8028,1,2025-09-12,2025-09-26,14,0.0,1.0,0.0,0.0,0.0,0.0,80.0,0.0,0
OI9359,2,2025-03-10,2025-08-22,165,0.0,0.0,0.0,0.0,0.0,0.0,90.0,0.0,0
OI9359,2,2025-03-10,2026-08-22,530,0.0,0.0,0.0,0.0,0.0,0.0,90.0,0.0,0
OI9595,2,2025-03-02,2026-04-18,412,0.0,0.0,0.0,0.0,0.0,0.0,80.0,0.0,0
OI9595,2,2025-03-02,2025-04-18,47,0.0,0.0,0.0,0.0,0.0,0.0,80.0,0.0,0
OJ6149,1,2025-04-06,2025-07-24,109,0.0,0.0,0.0,0.0,0.0,0.0,0.0,0.0,0
OJ6154,1,2025-09-10,2025-09-25,15,0.0,1.0,0.0,0.0,0.0,0.0,90.0,0.0,0
OJ7473,2,2025-04-02,2025-11-20,232,0.0,0.0,0.0,0.0,0.0,0.0,70.0,0.0,0
OJ7473,2,2025-04-02,2026-11-20,597,0.0,0.0,0.0,0.0,0.0,0.0,70.0,0.0,0
OK0084,1,2025-10-06,2025-11-28,53,0.0,0.0,0.0,0.0,0.0,0.0,80.0,0.0,0
OK0181,1,2025-12-02,2026-03-20,108,0.0,0.0,0.0,0.0,0.0,0.0,80.0,0.0,0
OK2607,1,2025-02-10,2025-05-23,102,0.0,0.0,0.0,0.0,0.0,0.0,80.0,0.0,0
OK8771,2,2025-02-12,2025-09-26,226,0.0,0.0,0.0,0.0,0.0,0.0,85.0,0.0,0
OL8381,1,2025-09-06,2025-11-24,79,0.0,0.0,0.0,0.0,0.0,0.0,0.0,0.0,0
OL8548,2,2024-01-11,2024-07-23,194,0.0,0.0,0.0,0.0,0.0,0.0,85.0,0.0,0
OL8548,2,2024-01-11,2025-07-23,559,0.0,0.0,0.0,0.0,0.0,0.0,85.0,0.0,0
OM4365,1,2024-11-11,2025-05-23,193,0.0,0.0,0.0,0.0,0.0,0.0,70.0,0.0,0
OM8753,1,2024-04-12,2025-01-29,292,0.0,0.0,0.0,0.0,0.0,0.0,85.0,0.0,0
ON4232,1,2026-05-01,2026-10-22,174,0.0,0.0,0.0,0.0,0.0,0.0,90.0,0.0,0
ON6382,1,2024-04-12,2025-02-21,315,0.0,0.0,0.0,0.0,0.0,0.0,0.0,0.0,0
ON9413,4,2025-12-02,2025-04-20,-226,0.0,0.0,0.0,0.0,0.0,0.0,87.5,0.0,1
ON9413,4,2025-12-02,2026-04-20,139,0.0,0.0,0.0,0.0,0.0,0.0,87.5,0.0,1
OO2994,2,2025-03-12,2025-05-21,70,0.0,0.0,0.0,0.0,0.0,0.0,90.0,0.0,0
OO2994,2,2025-03-12,2026-05-21,435,0.0,0.0,0.0,0.0,0.0,0.0,90.0,0.0,0
OO4282,1,2025-01-10,2025-05-27,137,0.0,0.0,0.0,0.0,0.0,0.0,80.0,0.0,0
OO7135,2,2025-07-01,2025-08-24,54,0.0,0.0,0.0,0.0,0.0,0.0,92.5,0.0,0
OP1535,1,2025-08-04,2025-11-22,110,0.0,0.0,0.0,0.0,0.0,0.0,80.0,0.0,0
OP1768,1,2025-01-04,2025-07-28,205,0.0,0.0,0.0,0.0,0.0,0.0,80.0,0.0,0
OP7042,1,2024-11-11,2025-05-29,199,0.0,0.0,0.0,0.0,0.0,0.0,80.0,0.0,0
OQ4409,1,2025-12-02,2026-10-22,324,0.0,0.0,0.0,0.0,0.0,0.0,90.0,0.0,0
OQ5580,1,2025-03-11,2025-05-27,77,0.0,0.0,0.0,0.0,0.0,0.0,50.0,0.0,0
OQ7094,1,2025-01-07,2025-02-22,46,0.0,0.0,0.0,0.0,0.0,0.0,55.0,0.0,0
OQ9086,2,2025-06-10,2025-07-25,45,0.0,0.0,0.0,0.0,0.0,0.0,87.5,0.0,0
OR5021,1,2025-01-10,2025-11-23,317,0.0,0.0,0.0,0.0,0.0,0.0,90.0,0.0,0
OR8609,2,2025-03-01,2025-05-21,81,0.0,0.0,0.0,0.0,0.0,0.0,0.0,0.0,0
OR8609,2,2025-03-01,2026-05-21,446,0.0,0.0,0.0,0.0,0.0,0.0,0.0,0.0,0
OR9678,2,2025-03-06,2025-11-22,261,0.0,0.0,0.0,0.0,0.0,0.0,90.0,0.0,0
OS5062,6,2025-11-11,2025-07-19,-115,0.0,0.0,0.0,0.0,0.0,0.0,83.33333333333333,0.0,1
OS5062,6,2025-11-11,2026-07-19,250,0.0,0.0,0.0,0.0,0.0,0.0,83.33333333333333,0.0,1
OS5062,6,2025-11-11,2024-07-19,-480,0.0,0.0,0.0,0.0,0.0,0.0,83.33333333333333,0.0,1
OS6257,1,2025-09-07,2025-09-27,20,0.0,1.0,0.0,0.0,0.0,0.0,0.0,0.0,0
OT6820,1,2025-08-01,2026-04-21,263,0.0,0.0,0.0,0.0,0.0,0.0,80.0,0.0,0
OU4446,1,2025-12-12,2025-12-19,7,1.0,1.0,0.0,0.0,0.0,0.0,80.0,0.5,0
OU4617,4,2025-06-01,2025-07-18,47,0.0,0.0,0.0,0.0,0.0,0.0,90.0,0.0,1
OU4617,4,2025-06-01,2026-07-18,412,0.0,0.0,0.0,0.0,0.0,0.0,90.0,0.0,1
OU9588,1,2025-02-04,2025-12-22,321,0.0,0.0,0.0,0.0,0.0,0.0,90.0,0.0,0
OV0272,2,2024-01-11,2025-06-24,530,0.0,0.0,0.0,0.0,0.0,0.0,80.0,0.0,0
OV0272,2,2024-01-11,2024-06-24,165,0.0,0.0,0.0,0.0,0.0,0.0,80.0,0.0,0
OV2509,1,2024-11-12,2025-02-21,101,0.0,0.0,0.0,0.0,0.0,0.0,80.0,0.0,0
OV7327,2,2024-02-12,2025-07-26,530,0.0,0.0,0.0,0.0,0.0,0.0,90.0,0.0,0
OV7327,2,2024-02-12,2024-07-26,165,0.0,0.0,0.0,0.0,0.0,0.0,90.0,0.0,0
OV9569,2,2025-03-10,2025-11-20,255,0.0,0.0,0.0,0.0,0.0,0.0,0.0,0.0,0
OV9569,2,2025-03-10,2026-11-20,620,0.0,0.0,0.0,0.0,0.0,0.0,0.0,0.0,0
OW9508,1,2025-02-06,2025-06-24,138,0.0,0.0,0.0,0.0,0.0,0.0,80.0,0.0,0
OX0932,1,2025-07-03,2025-07-28,25,0.0,1.0,0.0,0.0,0.0,0.0,0.0,0.0,0
OX2158,1,2025-07-02,2025-09-26,86,0.0,0.0,0.0,0.0,0.0,0.0,80.0,0.0,0
OX5013,2,2025-02-05,2025-10-27,264,0.0,0.0,0.0,0.0,0.0,0.0,67.5,0.0,0
OX9315,1,2025-05-09,2025-05-28,19,0.0,1.0,0.0,0.0,0.0,0.0,50.0,0.0,0
OY0699,1,2024-07-11,2025-06-26,350,0.0,0.0,0.0,0.0,0.0,0.0,80.0,0.0,0
OY6286,2,2025-08-05,2025-09-21,47,0.0,0.0,0.0,0.0,0.0,0.0,80.0,0.0,0
OY6286,2,2025-08-05,2026-09-21,412,0.0,0.0,0.0,0.0,0.0,0.0,80.0,0.0,0
OY8397,1,2025-08-10,2025-11-26,108,0.0,0.0,0.0,0.0,0.0,0.0,80.0,0.0,0
OY9607,1,2025-03-10,2025-04-23,44,0.0,0.0,0.0,0.0,0.0,0.0,60.0,0.0,0
OZ5059,1,2024-12-12,2025-05-27,166,0.0,0.0,0.0,0.0,0.0,0.0,90.0,0.0,0
OZ5222,2,2025-06-10,2025-12-18,191,0.0,0.0,0.0,0.0,0.0,0.0,50.0,0.0,0
OZ8913,4,2024-09-12,2025-10-25,408,0.0,0.0,0.0,0.0,0.0,0.0,85.0,0.0,1
OZ8913,4,2024-09-12,2024-10-25,43,0.0,0.0,0.0,0.0,0.0,0.0,85.0,0.0,1
OZ9703,1,2025-08-10,2025-12-21,133,0.0,0.0,0.0,0.0,0.0,0.0,0.0,0.0,0
PA2852,2,2025-11-07,2025-11-25,18,0.0,1.0,0.0,0.0,0.0,0.0,50.0,0.0,0
PA6723,1,2025-02-10,2025-02-22,12,0.0,1.0,0.0,0.0,0.0,0.0,90.0,0.0,0
PB2110,1,2025-06-01,2025-11-22,174,0.0,0.0,0.0,0.0,0.0,0.0,90.0,0.0,0
PC2096,1,2025-10-12,2025-11-26,45,0.0,0.0,0.0,0.0,0.0,0.0,80.0,0.0,0
PC2813,4,2025-10-12,2025-11-24,43,0.0,0.0,0.0,0.0,0.0,0.0,91.25,0.0,1
PC2813,4,2025-10-12,2024-11-24,-322,0.0,0.0,0.0,0.0,0.0,0.0,91.25,0.0,1
PC4725,2,2024-03-12,2025-03-23,376,0.0,1.0,0.0,0.0,0.0,0.0,0.0,0.0,0
PC4725,2,2024-03-12,2024-03-23,11,0.0,1.0,0.0,0.0,0.0,0.0,0.0,0.0,0
PC6215,1,2025-01-08,2025-06-25,168,0.0,0.0,0.0,0.0,0.0,0.0,90.0,0.0,0
PC7225,2,2024-03-12,2025-10-27,594,0.0,0.0,0.0,0.0,0.0,0.0,80.0,0.0,0
PC7225,2,2024-03-12,2024-10-27,229,0.0,0.0,0.0,0.0,0.0,0.0,80.0,0.0,0
PC8022,2,2024-06-11,2025-07-22,406,0.0,0.0,0.0,0.0,0.0,0.0,0.0,0.0,0
PC8022,2,2024-06-11,2026-07-22,771,0.0,0.0,0.0,0.0,0.0,0.0,0.0,0.0,0
PD2966,2,2024-05-12,2024-09-24,135,0.0,0.0,0.0,0.0,0.0,0.0,85.0,0.0,0
PD2966,2,2024-05-12,2025-09-24,500,0.0,0.0,0.0,0.0,0.0,0.0,85.0,0.0,0
PD5595,2,2025-02-10,2025-08-25,196,0.0,0.0,0.0,0.0,0.0,0.0,85.0,0.0,0
PD5734,1,2025-03-09,2025-11-27,263,0.0,0.0,0.0,0.0,0.0,0.0,80.0,0.0,0
PD5910,1,2025-02-01,2025-04-26,84,0.0,0.0,0.0,0.0,0.0,0.0,90.0,0.0,0
PD6337,1,2025-01-12,2025-03-29,76,0.0,0.0,0.0,0.0,0.0,0.0,90.0,0.0,0
PD7268,1,2025-03-12,2025-09-24,196,0.0,0.0,0.0,0.0,0.0,0.0,80.0,0.0,0
PD8463,2,2025-09-06,2025-09-24,18,0.0,1.0,0.0,0.0,0.0,0.0,90.0,0.0,0
PE0871,3,2025-07-10,2025-09-26,78,0.0,0.0,0.0,0.0,0.0,0.0,63.333333333333336,0.0,0
PE9209,1,2025-01-12,2025-12-18,340,0.0,0.0,0.0,0.0,0.0,0.0,80.0,0.0,0
PF0183,1,2024-10-12,2024-12-28,77,0.0,0.0,0.0,0.0,0.0,0.0,90.0,0.0,0
PF0882,2,2025-03-10,2025-11-17,252,0.0,0.0,0.0,0.0,0.0,0.0,80.0,0.0,0
PF0882,2,2025-03-10,2026-11-17,617,0.0,0.0,0.0,0.0,0.0,0.0,80.0,0.0,0
PF1198,3,2025-11-12,2025-04-18,-208,0.0,0.0,0.0,0.0,0.0,0.0,0.0,0.0,0
PF1198,3,2025-11-12,2026-04-18,157,0.0,0.0,0.0,0.0,0.0,0.0,0.0,0.0,0
PG4121,1,2026-06-01,2026-06-17,16,0.0,1.0,0.0,0.0,0.0,0.0,90.0,0.0,0
PG7886,2,2025-06-05,2025-09-22,109,0.0,0.0,0.0,0.0,0.0,0.0,40.0,0.0,0
PG8149,2,2025-01-10,2026-01-20,375,0.0,1.0,0.0,0.0,0.0,0.0,90.0,0.0,0
PG8149,2,2025-01-10,2025-01-20,10,0.0,1.0,0.0,0.0,0.0,0.0,90.0,0.0,0
PG8462,2,2025-04-11,2025-06-21,71,0.0,0.0,0.0,0.0,0.0,0.0,80.0,0.0,0
PG8462,2,2025-04-11,2026-06-21,436,0.0,0.0,0.0,0.0,0.0,0.0,80.0,0.0,0
PH3514,1,2025-03-06,2025-09-26,204,0.0,0.0,0.0,0.0,0.0,0.0,80.0,0.0,0
PH5536,1,2025-07-11,2025-12-21,163,0.0,0.0,0.0,0.0,0.0,0.0,70.0,0.0,0
PH6110,1,2025-01-12,2025-09-27,258,0.0,0.0,0.0,0.0,0.0,0.0,65.0,0.0,0
PI0528,2,2024-07-11,2025-01-22,195,0.0,0.0,0.0,0.0,0.0,0.0,80.0,0.0,0
PI0528,2,2024-07-11,2026-01-22,560,0.0,0.0,0.0,0.0,0.0,0.0,80.0,0.0,0
PI0651,1,2025-10-11,2025-11-22,42,0.0,0.0,0.0,0.0,0.0,0.0,0.0,0.0,0
PI2149,2,2024-03-12,2026-01-18,677,0.0,0.0,0.0,0.0,0.0,0.0,0.0,0.0,0
PI2149,2,2024-03-12,2025-01-18,312,0.0,0.0,0.0,0.0,0.0,0.0,0.0,0.0,0
PI2439,2,2025-03-07,2025-11-25,263,0.0,0.0,0.0,0.0,0.0,0.0,80.0,0.0,0
PI2524,1,2025-03-04,2025-10-23,233,0.0,0.0,0.0,0.0,0.0,0.0,90.0,0.0,0
PI2935,1,2025-05-03,2026-04-21,353,0.0,0.0,0.0,0.0,0.0,0.0,80.0,0.0,0
PI3715,1,2024-11-11,2024-12-28,47,0.0,0.0,0.0,0.0,0.0,0.0,0.0,0.0,0
PI3772,2,2025-03-07,2025-05-29,83,0.0,0.0,0.0,0.0,0.0,0.0,40.0,0.0,0
PI6716,1,2024-11-11,2025-04-27,167,0.0,0.0,0.0,0.0,0.0,0.0,90.0,0.0,0
PI7715,1,2025-04-02,2025-04-25,23,0.0,1.0,0.0,0.0,0.0,0.0,80.0,0.0,0
PJ3557,1,2024-10-12,2025-01-24,104,0.0,0.0,0.0,0.0,0.0,0.0,90.0,0.0,0
PJ6425,1,2025-01-05,2025-05-27,142,0.0,0.0,0.0,0.0,0.0,0.0,50.0,0.0,0
PJ7066,2,2025-09-07,2025-09-24,17,0.0,2.0,0.0,0.0,0.0,0.0,85.0,0.0,0
PJ9771,1,2025-08-05,2025-11-24,111,0.0,0.0,0.0,0.0,0.0,0.0,80.0,0.0,0
PK2852,1,2025-10-10,2026-08-22,316,0.0,0.0,0.0,0.0,0.0,0.0,90.0,0.0,0
PK5268,2,2024-11-11,2025-11-28,382,0.0,1.0,0.0,0.0,0.0,0.0,90.0,0.0,0
PK5268,2,2024-11-11,2024-11-28,17,0.0,1.0,0.0,0.0,0.0,0.0,90.0,0.0,0
PK8366,1,2025-08-04,2025-11-26,114,0.0,0.0,0.0,0.0,0.0,0.0,0.0,0.0,0
PK9326,5,2025-11-06,2025-11-24,18,0.0,1.0,0.0,0.0,0.0,0.0,64.0,0.0,1
PK9440,3,2025-08-10,2025-06-20,-51,0.0,0.0,0.0,0.0,0.0,0.0,88.33333333333333,0.0,0
PK9440,3,2025-08-10,2026-06-20,314,0.0,0.0,0.0,0.0,0.0,0.0,88.33333333333333,0.0,0
PL2674,1,2025-03-12,2026-01-18,312,0.0,0.0,0.0,0.0,0.0,0.0,60.0,0.0,0
PL2843,1,2025-06-02,2025-08-23,82,0.0,0.0,0.0,0.0,0.0,0.0,0.0,0.0,0
PL3288,2,2025-10-03,2026-04-21,200,0.0,0.0,0.0,0.0,0.0,0.0,85.0,0.0,0
PL4096,3,2025-08-10,2025-10-19,70,0.0,0.0,0.0,0.0,0.0,0.0,90.0,0.0,0
PL7448,1,2025-05-12,2025-06-22,41,0.0,0.0,0.0,0.0,0.0,0.0,90.0,0.0,0
PL9458,1,2025-05-03,2025-11-25,206,0.0,0.0,0.0,0.0,0.0,0.0,85.0,0.0,0
PM2591,3,2025-09-10,2025-11-25,76,0.0,0.0,0.0,0.0,0.0,0.0,90.0,0.0,0
PM2591,3,2025-09-10,2024-11-25,-289,0.0,0.0,0.0,0.0,0.0,0.0,90.0,0.0,0
PM2959,1,2025-05-12,2026-03-22,314,0.0,0.0,0.0,0.0,0.0,0.0,50.0,0.0,0
PN1006,2,2025-11-03,2026-07-21,260,0.0,0.0,0.0,0.0,0.0,0.0,82.5,0.0,0
PN3948,1,2025-02-09,2025-03-27,46,0.0,0.0,0.0,0.0,0.0,0.0,85.0,0.0,0
PN4656,4,2025-01-12,2025-02-24,43,0.0,0.0,0.0,0.0,0.0,0.0,87.5,0.0,1
PN9982,1,2025-04-07,2025-09-24,170,0.0,0.0,0.0,0.0,0.0,0.0,65.0,0.0,0
PO3599,1,2025-04-09,2025-08-26,139,0.0,0.0,0.0,0.0,0.0,0.0,90.0,0.0,0
PO4818,5,2024-12-09,2025-04-25,137,0.0,1.0,0.0,0.0,0.0,0.0,74.0,0.0,1
PO4818,5,2024-12-09,2024-04-25,-228,0.0,1.0,0.0,0.0,0.0,0.0,74.0,0.0,1
PO5535,1,2025-03-09,2025-06-25,108,0.0,0.0,0.0,0.0,0.0,0.0,90.0,0.0,0
PP4139,1,2025-03-02,2025-03-26,24,0.0,1.0,0.0,0.0,0.0,0.0,70.0,0.0,0
PP5697,1,2025-03-10,2025-05-25,76,0.0,0.0,0.0,0.0,0.0,0.0,80.0,0.0,0
PP8459,4,2024-07-11,2025-09-24,440,0.0,0.0,0.0,0.0,0.0,0.0,45.0,0.0,1
PP8459,4,2024-07-11,2024-09-24,75,0.0,0.0,0.0,0.0,0.0,0.0,45.0,0.0,1
PP9167,1,2025-01-12,2025-11-23,315,0.0,0.0,0.0,0.0,0.0,0.0,90.0,0.0,0
PQ1325,1,2025-04-03,2025-09-25,175,0.0,0.0,0.0,0.0,0.0,0.0,80.0,0.0,0
PQ5142,1,2025-10-06,2025-10-23,17,0.0,1.0,0.0,0.0,0.0,0.0,0.0,0.0,0
PR2188,3,2025-12-02,2025-11-21,-11,0.0,0.0,0.0,0.0,0.0,0.0,83.33333333333333,0.0,0
PR2188,3,2025-12-02,2026-11-21,354,0.0,0.0,0.0,0.0,0.0,0.0,83.33333333333333,0.0,0
PR7906,1,2025-08-05,2025-09-28,54,0.0,0.0,0.0,0.0,0.0,0.0,80.0,0.0,0
PR8276,2,2025-01-10,2026-08-18,585,0.0,0.0,0.0,0.0,0.0,0.0,90.0,0.0,0
PR8276,2,2025-01-10,2025-08-18,220,0.0,0.0,0.0,0.0,0.0,0.0,90.0,0.0,0
PS1509,2,2024-06-12,2026-02-16,614,0.0,0.0,0.0,0.0,0.0,0.0,90.0,0.0,0
PS1509,2,2024-06-12,2025-02-16,249,0.0,0.0,0.0,0.0,0.0,0.0,90.0,0.0,0
PS2723,4,2025-03-03,2025-11-21,263,0.0,0.0,0.0,0.0,0.0,0.0,82.5,0.0,1
PS2723,4,2025-03-03,2026-11-21,628,0.0,0.0,0.0,0.0,0.0,0.0,82.5,0.0,1
PS3739,1,2024-11-12,2025-08-29,290,0.0,0.0,0.0,0.0,0.0,0.0,80.0,0.0,0
PS4187,1,2025-02-12,2025-03-27,43,0.0,0.0,0.0,0.0,0.0,0.0,60.0,0.0,0
PT0945,2,2025-05-03,2025-05-28,25,0.0,1.0,0.0,0.0,0.0,0.0,87.5,0.0,0
PT3010,4,2025-12-12,2025-04-21,-235,0.0,0.0,0.0,0.0,0.0,0.0,40.0,0.0,1
PT3010,4,2025-12-12,2026-04-21,130,0.0,0.0,0.0,0.0,0.0,0.0,40.0,0.0,1
PT4884,1,2025-01-10,2025-04-22,102,0.0,0.0,0.0,0.0,0.0,0.0,0.0,0.0,0
PT6079,1,2024-06-11,2025-03-23,285,0.0,0.0,0.0,0.0,0.0,0.0,100.0,0.0,0
PT6354,1,2024-05-11,2024-12-28,231,0.0,0.0,0.0,0.0,0.0,0.0,0.0,0.0,0
PT7035,3,2025-05-12,2025-05-23,11,0.0,1.0,0.0,0.0,0.0,0.0,76.66666666666667,0.0,0
PT7035,3,2025-05-12,2024-05-23,-354,0.0,1.0,0.0,0.0,0.0,0.0,76.66666666666667,0.0,0
PU5294,5,2026-07-01,2025-07-22,-344,0.0,2.0,0.0,0.0,0.0,0.0,88.0,0.0,1
PU5294,5,2026-07-01,2026-07-22,21,0.0,2.0,0.0,0.0,0.0,0.0,88.0,0.0,1
PU5983,1,2025-06-10,2026-05-19,343,0.0,0.0,0.0,0.0,0.0,0.0,70.0,0.0,0
PU9950,1,2025-06-10,2026-04-17,311,0.0,0.0,0.0,0.0,0.0,0.0,80.0,0.0,0
PV1769,2,2024-05-11,2025-02-15,280,0.0,0.0,0.0,0.0,0.0,0.0,85.0,0.0,0
PV1769,2,2024-05-11,2026-02-15,645,0.0,0.0,0.0,0.0,0.0,0.0,85.0,0.0,0
PW1056,2,2025-04-11,2025-05-27,46,0.0,0.0,0.0,0.0,0.0,0.0,60.0,0.0,0
PW5930,1,2025-01-12,2025-03-26,73,0.0,0.0,0.0,0.0,0.0,0.0,80.0,0.0,0
PX0949,1,2024-10-12,2024-12-28,77,0.0,0.0,0.0,0.0,0.0,0.0,80.0,0.0,0
PX1073,1,2024-06-11,2025-03-25,287,0.0,0.0,0.0,0.0,0.0,0.0,80.0,0.0,0
PX1938,1,2025-04-07,2025-11-24,231,0.0,0.0,0.0,0.0,0.0,0.0,90.0,0.0,0
PX7945,2,2025-07-07,2025-07-28,21,0.0,1.0,0.0,0.0,0.0,0.0,87.5,0.0,0
PY0143,2,2024-12-12,2025-05-21,160,0.0,0.0,0.0,0.0,0.0,0.0,0.0,0.0,0
PY0143,2,2024-12-12,2026-05-21,525,0.0,0.0,0.0,0.0,0.0,0.0,0.0,0.0,0
PY6747,2,2024-05-12,2024-11-22,194,0.0,0.0,0.0,0.0,0.0,0.0,100.0,0.0,0
PY6747,2,2024-05-12,2025-11-22,559,0.0,0.0,0.0,0.0,0.0,0.0,100.0,0.0,0
PY7330,6,2024-07-11,2024-12-19,161,0.0,0.0,0.0,0.0,0.0,0.0,81.66666666666667,0.0,1
PY7330,6,2024-07-11,2025-12-19,526,0.0,0.0,0.0,0.0,0.0,0.0,81.66666666666667,0.0,1
PZ0217,1,2025-04-09,2025-10-26,200,0.0,0.0,0.0,0.0,0.0,0.0,0.0,0.0,0
PZ4843,1,2025-04-12,2026-03-18,340,0.0,0.0,0.0,0.0,0.0,0.0,90.0,0.0,0
PZ5493,2,2025-01-10,2025-07-19,190,0.0,0.0,0.0,0.0,0.0,0.0,90.0,0.0,0
PZ5493,2,2025-01-10,2026-07-19,555,0.0,0.0,0.0,0.0,0.0,0.0,90.0,0.0,0
PZ6077,1,2026-05-01,2026-10-20,172,0.0,0.0,0.0,0.0,0.0,0.0,50.0,0.0,0
QA4833,1,2025-03-03,2025-11-26,268,0.0,0.0,0.0,0.0,0.0,0.0,85.0,0.0,0
QA5995,1,2025-06-11,2025-06-23,12,0.0,1.0,0.0,0.0,0.0,0.0,85.0,0.0,0
QB9738,2,2025-12-12,2026-01-21,40,0.0,0.0,0.0,0.0,0.0,0.0,80.0,0.0,0
QC0101,1,2025-08-10,2025-12-21,133,0.0,0.0,0.0,0.0,0.0,0.0,80.0,0.0,0
QD6831,1,2025-02-06,2025-11-26,293,0.0,0.0,0.0,0.0,0.0,0.0,80.0,0.0,0
QE3638,4,2025-10-12,2025-09-18,-24,1.0,1.0,0.0,0.0,0.0,0.0,81.25,0.2,1
QE3638,4,2025-10-12,2026-09-18,341,1.0,1.0,0.0,0.0,0.0,0.0,81.25,0.2,1
QE3638,4,2025-10-12,2024-09-18,-389,1.0,1.0,0.0,0.0,0.0,0.0,81.25,0.2,1
QE5248,1,2025-07-07,2025-09-24,79,0.0,0.0,0.0,0.0,0.0,0.0,90.0,0.0,0
QE9029,1,2024-09-12,2025-03-28,197,0.0,0.0,0.0,0.0,0.0,0.0,0.0,0.0,0
QF0841,1,2025-12-12,2026-05-18,157,0.0,0.0,0.0,0.0,0.0,0.0,80.0,0.0,0
QF7122,3,2024-11-12,2025-03-27,135,0.0,0.0,0.0,0.0,0.0,0.0,28.333333333333332,0.0,0
QF7802,1,2024-05-11,2024-12-28,231,0.0,0.0,0.0,0.0,0.0,0.0,90.0,0.0,0
QF9627,2,2025-06-03,2025-08-25,83,0.0,0.0,0.0,0.0,0.0,0.0,65.0,0.0,0
QG1324,2,2024-07-11,2025-09-22,438,0.0,0.0,0.0,0.0,0.0,0.0,80.0,0.0,0
QG1324,2,2024-07-11,2024-09-22,73,0.0,0.0,0.0,0.0,0.0,0.0,80.0,0.0,0
QG5010,2,2025-05-03,2025-08-25,114,0.0,0.0,0.0,0.0,0.0,0.0,0.0,0.0,0
QG7653,7,2026-05-01,2026-07-20,80,0.0,0.0,0.0,0.0,0.0,0.0,37.857142857142854,0.0,1
QG7653,7,2026-05-01,2025-07-20,-285,0.0,0.0,0.0,0.0,0.0,0.0,37.857142857142854,0.0,1
QG7653,7,2026-05-01,2024-07-20,-650,0.0,0.0,0.0,0.0,0.0,0.0,37.857142857142854,0.0,1
QH1034,1,2024-11-12,2025-03-25,133,0.0,0.0,0.0,0.0,0.0,0.0,90.0,0.0,0
QH2442,2,2025-02-06,2025-04-28,81,0.0,0.0,0.0,0.0,0.0,0.0,85.0,0.0,0
QH6620,2,2025-01-10,2026-10-19,647,0.0,0.0,0.0,0.0,0.0,0.0,80.0,0.0,0
QH6620,2,2025-01-10,2025-10-19,282,0.0,0.0,0.0,0.0,0.0,0.0,80.0,0.0,0
QI1754,1,2025-06-01,2025-09-26,117,0.0,0.0,0.0,0.0,0.0,0.0,0.0,0.0,0
QI8809,2,2025-12-02,2026-06-20,200,0.0,0.0,0.0,0.0,0.0,0.0,90.0,0.0,0
QI9048,2,2025-10-06,2025-11-27,52,0.0,0.0,0.0,0.0,0.0,0.0,82.5,0.0,0
QJ0597,3,2025-08-12,2024-11-27,-258,0.0,0.0,0.0,0.0,0.0,0.0,83.33333333333333,0.0,0
QJ0597,3,2025-08-12,2025-11-27,107,0.0,0.0,0.0,0.0,0.0,0.0,83.33333333333333,0.0,0
QJ0967,1,2024-12-11,2025-02-21,72,0.0,0.0,0.0,0.0,0.0,0.0,80.0,0.0,0
QJ1314,1,2025-03-12,2025-05-28,77,0.0,0.0,0.0,0.0,0.0,0.0,0.0,0.0,0
QJ3704,1,2025-03-06,2025-03-29,23,0.0,1.0,0.0,0.0,0.0,0.0,90.0,0.0,0
QJ3961,2,2025-03-11,2025-06-27,108,0.0,0.0,0.0,0.0,0.0,0.0,95.0,0.0,0
QJ4545,1,2025-02-07,2025-07-26,169,0.0,0.0,0.0,0.0,0.0,0.0,0.0,0.0,0
QJ9403,1,2025-04-07,2025-05-28,51,0.0,0.0,0.0,0.0,0.0,0.0,90.0,0.0,0
QK6849,1,2024-12-12,2025-11-28,351,0.0,0.0,0.0,0.0,0.0,0.0,85.0,0.0,0
QL0886,1,2025-10-03,2026-04-20,199,0.0,0.0,0.0,0.0,0.0,0.0,90.0,0.0,0
QL2470,1,2025-10-10,2026-06-19,252,0.0,0.0,0.0,0.0,0.0,0.0,80.0,0.0,0
QL3182,1,2025-04-12,2025-09-23,164,0.0,0.0,0.0,0.0,0.0,0.0,90.0,0.0,0
QL5384,4,2025-08-04,2025-10-21,78,0.0,0.0,0.0,0.0,0.0,0.0,87.5,0.0,1
QL5384,4,2025-08-04,2026-10-21,443,0.0,0.0,0.0,0.0,0.0,0.0,87.5,0.0,1
QL8546,1,2025-01-10,2025-09-23,256,0.0,0.0,0.0,0.0,0.0,0.0,80.0,0.0,0
QL9743,1,2025-05-11,2025-06-26,46,0.0,0.0,0.0,0.0,0.0,0.0,80.0,0.0,0
QL9847,1,2024-05-12,2025-01-23,256,0.0,0.0,0.0,0.0,0.0,0.0,100.0,0.0,0
QM0315,1,2025-08-10,2026-05-20,283,0.0,0.0,0.0,0.0,0.0,0.0,70.0,0.0,0
QM1639,2,2025-09-04,2025-09-20,16,0.0,1.0,0.0,0.0,0.0,0.0,100.0,0.0,0
QM1639,2,2025-09-04,2026-09-20,381,0.0,1.0,0.0,0.0,0.0,0.0,100.0,0.0,0
QM1676,1,2025-04-02,2025-09-28,179,0.0,0.0,0.0,0.0,0.0,0.0,85.0,0.0,0
QM2133,1,2025-03-01,2025-08-27,179,0.0,0.0,0.0,0.0,0.0,0.0,90.0,0.0,0
QM2283,2,2024-06-11,2025-02-19,253,0.0,0.0,0.0,0.0,0.0,0.0,85.0,0.0,0
QM2283,2,2024-06-11,2026-02-19,618,0.0,0.0,0.0,0.0,0.0,0.0,85.0,0.0,0
QM4023,1,2025-03-10,2026-06-20,467,0.0,0.0,0.0,0.0,0.0,0.0,80.0,0.0,0
QM7412,1,2025-03-09,2025-09-28,203,0.0,0.0,0.0,0.0,0.0,0.0,80.0,0.0,0
QN0873,1,2025-07-01,2026-01-20,203,0.0,0.0,0.0,0.0,0.0,0.0,80.0,0.0,0
QN2240,1,2025-08-04,2026-07-21,351,0.0,0.0,0.0,0.0,0.0,0.0,90.0,0.0,0
QN3378,1,2024-04-12,2025-01-27,290,0.0,0.0,0.0,0.0,0.0,0.0,0.0,0.0,0
QO0157,2,2025-06-01,2026-07-20,414,0.0,0.0,0.0,0.0,0.0,0.0,80.0,0.0,0
QO0157,2,2025-06-01,2025-07-20,49,0.0,0.0,0.0,0.0,0.0,0.0,80.0,0.0,0
QO2291,1,2025-01-12,2025-10-28,289,0.0,0.0,0.0,0.0,0.0,0.0,80.0,0.0,0
QO2938,1,2024-04-12,2025-03-27,349,0.0,0.0,0.0,0.0,0.0,0.0,0.0,0.0,0
QO3177,1,2025-03-03,2025-03-27,24,0.0,1.0,0.0,0.0,0.0,0.0,0.0,0.0,0
QO8246,1,2025-03-09,2025-08-28,172,0.0,0.0,0.0,0.0,0.0,0.0,90.0,0.0,0
QO9008,1,2025-10-10,2026-05-20,222,0.0,0.0,0.0,0.0,0.0,0.0,90.0,0.0,0
QP3266,6,2025-03-04,2025-09-21,201,0.0,0.0,0.0,0.0,0.0,0.0,83.33333333333333,0.0,1
QP3266,6,2025-03-04,2026-09-21,566,0.0,0.0,0.0,0.0,0.0,0.0,83.33333333333333,0.0,1
QP4456,1,2024-05-12,2025-02-21,285,0.0,0.0,0.0,0.0,0.0,0.0,80.0,0.0,0
QP4958,1,2025-10-12,2025-10-27,15,0.0,1.0,0.0,0.0,0.0,0.0,90.0,0.0,0
QP7278,1,2025-01-10,2025-04-26,106,0.0,0.0,0.0,0.0,0.0,0.0,90.0,0.0,0
QP9190,1,2025-03-02,2025-03-23,21,0.0,1.0,0.0,0.0,0.0,0.0,80.0,0.0,0
QQ7918,1,2025-04-02,2025-05-29,57,0.0,0.0,0.0,0.0,0.0,0.0,0.0,0.0,0
QR2458,1,2025-11-11,2026-09-17,310,0.0,0.0,0.0,0.0,0.0,0.0,90.0,0.0,0
QR2583,2,2025-02-12,2025-06-18,126,0.0,0.0,0.0,0.0,0.0,0.0,50.0,0.0,0
QR2583,2,2025-02-12,2026-06-18,491,0.0,0.0,0.0,0.0,0.0,0.0,50.0,0.0,0
QR3146,1,2025-10-12,2026-07-19,280,0.0,0.0,0.0,0.0,0.0,0.0,85.0,0.0,0
QS4629,3,2025-11-11,2025-04-18,-207,0.0,0.0,0.0,0.0,0.0,0.0,90.0,0.0,0
QS4629,3,2025-11-11,2026-04-18,158,0.0,0.0,0.0,0.0,0.0,0.0,90.0,0.0,0
QS6062,1,2025-05-11,2025-09-28,140,0.0,0.0,0.0,0.0,0.0,0.0,0.0,0.0,0
QS6640,2,2025-11-07,2025-11-23,16,0.0,2.0,0.0,0.0,0.0,0.0,27.5,0.0,0
QS7029,6,2025-10-12,2026-04-19,189,1.0,1.0,0.0,0.0,0.0,0.0,80.0,0.14285714285714285,1
QS7029,6,2025-10-12,2025-04-19,-176,1.0,1.0,0.0,0.0,0.0,0.0,80.0,0.14285714285714285,1
QS7029,6,2025-10-12,2024-04-19,-541,1.0,1.0,0.0,0.0,0.0,0.0,80.0,0.14285714285714285,1
QS7153,1,2025-07-08,2025-07-27,19,0.0,1.0,0.0,0.0,0.0,0.0,90.0,0.0,0
QS9851,1,2025-01-04,2025-04-24,110,0.0,0.0,0.0,0.0,0.0,0.0,90.0,0.0,0
QS9926,4,2025-06-01,2026-07-20,414,0.0,0.0,0.0,0.0,0.0,0.0,85.0,0.0,1
QS9926,4,2025-06-01,2025-07-20,49,0.0,0.0,0.0,0.0,0.0,0.0,85.0,0.0,1
QT0918,1,2025-03-01,2025-04-23,53,0.0,0.0,0.0,0.0,0.0,0.0,85.0,0.0,0
QT2850,1,2025-01-09,2025-10-28,292,0.0,0.0,0.0,0.0,0.0,0.0,85.0,0.0,0
QT2889,3,2025-08-01,2025-09-26,56,0.0,0.0,0.0,0.0,0.0,0.0,93.33333333333333,0.0,0
QT3367,2,2025-07-10,2025-09-26,78,0.0,0.0,0.0,0.0,0.0,0.0,40.0,0.0,0
QU9986,2,2025-03-11,2025-11-28,262,0.0,0.0,0.0,0.0,0.0,0.0,85.0,0.0,0
QV4726,1,2024-09-12,2025-08-29,351,0.0,0.0,0.0,0.0,0.0,0.0,90.0,0.0,0
QV5957,1,2025-11-11,2025-11-27,16,0.0,1.0,0.0,0.0,0.0,0.0,90.0,0.0,0
QV6913,2,2025-07-05,2025-10-28,115,0.0,0.0,0.0,0.0,0.0,0.0,80.0,0.0,0
QW0654,2,2025-05-12,2025-09-18,129,0.0,0.0,0.0,0.0,0.0,0.0,90.0,0.0,0
QW0654,2,2025-05-12,2026-09-18,494,0.0,0.0,0.0,0.0,0.0,0.0,90.0,0.0,0
QW1932,3,2024-05-11,2025-10-18,525,0.0,0.0,0.0,0.0,0.0,0.0,95.0,0.0,0
QW1932,3,2024-05-11,2026-10-18,890,0.0,0.0,0.0,0.0,0.0,0.0,95.0,0.0,0
QW1932,3,2024-05-11,2024-10-18,160,0.0,0.0,0.0,0.0,0.0,0.0,95.0,0.0,0
QW6845,3,2025-08-12,2025-09-22,41,0.0,0.0,0.0,0.0,0.0,0.0,30.0,0.0,0
QW7429,1,2025-07-01,2025-08-28,58,0.0,0.0,0.0,0.0,0.0,0.0,90.0,0.0,0
QX5367,2,2024-04-12,2025-07-28,472,0.0,0.0,0.0,0.0,0.0,0.0,90.0,0.0,0
QX5367,2,2024-04-12,2024-07-28,107,0.0,0.0,0.0,0.0,0.0,0.0,90.0,0.0,0
QY0059,2,2025-08-10,2025-09-25,46,0.0,0.0,0.0,0.0,0.0,0.0,85.0,0.0,0
QY5593,1,2025-12-02,2026-09-17,289,0.0,0.0,0.0,0.0,0.0,0.0,0.0,0.0,0
QY8380,1,2024-06-11,2025-05-21,344,0.0,0.0,0.0,0.0,0.0,0.0,0.0,0.0,0
QY9710,2,2024-06-11,2025-04-20,313,0.0,0.0,0.0,0.0,0.0,0.0,90.0,0.0,0
QY9710,2,2024-06-11,2026-04-20,678,0.0,0.0,0.0,0.0,0.0,0.0,90.0,0.0,0
QZ0246,2,2025-03-11,2025-07-23,134,0.0,0.0,0.0,0.0,0.0,0.0,80.0,0.0,0
QZ2896,1,2025-02-10,2025-10-23,255,0.0,0.0,0.0,0.0,0.0,0.0,0.0,0.0,0
QZ3995,2,2025-06-11,2025-07-22,41,0.0,0.0,0.0,0.0,0.0,0.0,85.0,0.0,0
QZ3995,2,2025-06-11,2026-07-22,406,0.0,0.0,0.0,0.0,0.0,0.0,85.0,0.0,0
QZ4591,1,2024-12-11,2025-11-27,351,0.0,0.0,0.0,0.0,0.0,0.0,90.0,0.0,0
QZ5231,1,2024-10-12,2025-07-29,290,0.0,0.0,0.0,0.0,0.0,0.0,85.0,0.0,0
QZ5870,1,2025-08-09,2025-10-28,80,0.0,0.0,0.0,0.0,0.0,0.0,80.0,0.0,0
RA8413,1,2025-05-11,2025-07-25,75,0.0,0.0,0.0,0.0,0.0,0.0,90.0,0.0,0
RA9454,1,2025-07-01,2025-08-28,58,0.0,0.0,0.0,0.0,0.0,0.0,0.0,0.0,0
RB0564,2,2025-09-12,2026-02-18,159,0.0,0.0,0.0,0.0,0.0,0.0,80.0,0.0,0
RB3547,1,2025-05-12,2025-10-24,165,0.0,0.0,0.0,0.0,0.0,0.0,90.0,0.0,0
RB4034,1,2025-04-07,2025-08-29,144,0.0,0.0,0.0,0.0,0.0,0.0,80.0,0.0,0
RB4990,4,2025-08-10,2025-10-28,79,0.0,0.0,0.0,0.0,0.0,0.0,75.0,0.0,1
RB6088,2,2024-02-12,2025-07-26,530,0.0,0.0,0.0,0.0,0.0,0.0,90.0,0.0,0
RB6088,2,2024-02-12,2024-07-26,165,0.0,0.0,0.0,0.0,0.0,0.0,90.0,0.0,0
RB6415,1,2025-04-09,2025-10-28,202,0.0,0.0,0.0,0.0,0.0,0.0,55.0,0.0,0
RB9522,1,2025-07-07,2025-08-24,48,0.0,0.0,0.0,0.0,0.0,0.0,80.0,0.0,0
RC2265,1,2025-08-01,2025-09-28,58,0.0,0.0,0.0,0.0,0.0,0.0,80.0,0.0,0
RD0528,1,2025-03-06,2025-07-24,140,0.0,0.0,0.0,0.0,0.0,0.0,90.0,0.0,0
RD2557,4,2025-03-10,2025-07-19,131,0.0,0.0,0.0,0.0,0.0,0.0,45.0,0.0,1
RD2557,4,2025-03-10,2026-07-19,496,0.0,0.0,0.0,0.0,0.0,0.0,45.0,0.0,1
RD9694,1,2026-06-01,2026-09-18,109,0.0,0.0,0.0,0.0,0.0,0.0,90.0,0.0,0
RE5095,5,2024-06-12,2024-04-27,-46,0.0,0.0,0.0,0.0,0.0,0.0,36.0,0.0,1
RE5095,5,2024-06-12,2025-04-27,319,0.0,0.0,0.0,0.0,0.0,0.0,36.0,0.0,1
RE6328,6,2025-06-01,2025-11-18,170,0.0,0.0,0.0,0.0,0.0,0.0,30.0,0.0,1
RE6328,6,2025-06-01,2026-11-18,535,0.0,0.0,0.0,0.0,0.0,0.0,30.0,0.0,1
RE8661,1,2025-03-04,2025-03-25,21,0.0,1.0,0.0,0.0,0.0,0.0,90.0,0.0,0
RE9365,1,2025-02-06,2025-07-28,172,0.0,0.0,0.0,0.0,0.0,0.0,70.0,0.0,0
RF8334,1,2025-04-07,2025-07-25,109,0.0,0.0,0.0,0.0,0.0,0.0,90.0,0.0,0
RF8637,1,2025-02-07,2025-05-29,111,0.0,0.0,0.0,0.0,0.0,0.0,0.0,0.0,0
RG0161,6,2025-04-09,2025-05-29,50,0.0,0.0,0.0,0.0,0.0,0.0,41.666666666666664,0.0,1
RG1836,1,2025-01-12,2025-07-26,195,0.0,0.0,0.0,0.0,0.0,0.0,90.0,0.0,0
RG5534,1,2025-01-04,2025-06-22,169,0.0,0.0,0.0,0.0,0.0,0.0,90.0,0.0,0
RG5658,2,2025-11-02,2025-11-27,25,0.0,2.0,0.0,0.0,0.0,0.0,42.5,0.0,0
RG8048,1,2025-04-02,2025-08-23,143,0.0,0.0,0.0,0.0,0.0,0.0,80.0,0.0,0
RH0513,2,2024-04-11,2025-04-22,376,0.0,1.0,0.0,0.0,0.0,0.0,0.0,0.0,0
RH0513,2,2024-04-11,2024-04-22,11,0.0,1.0,0.0,0.0,0.0,0.0,0.0,0.0,0
RI0715,1,2025-03-04,2025-05-29,86,0.0,0.0,0.0,0.0,0.0,0.0,85.0,0.0,0
RI1060,1,2025-11-04,2026-06-21,229,0.0,0.0,0.0,0.0,0.0,0.0,90.0,0.0,0
RI4300,1,2025-09-09,2025-09-27,18,0.0,1.0,0.0,0.0,0.0,0.0,0.0,0.0,0
RI6442,3,2024-04-11,2025-11-19,587,0.0,0.0,0.0,0.0,0.0,0.0,80.0,0.0,0
RI6442,3,2024-04-11,2024-11-19,222,0.0,0.0,0.0,0.0,0.0,0.0,80.0,0.0,0
RI6442,3,2024-04-11,2026-11-19,952,0.0,0.0,0.0,0.0,0.0,0.0,80.0,0.0,0
RJ2541,1,2025-04-04,2025-06-27,84,0.0,0.0,0.0,0.0,0.0,0.0,50.0,0.0,0
RJ4922,2,2025-07-05,2025-10-22,109,0.0,0.0,0.0,0.0,0.0,0.0,45.0,0.0,0
RJ6365,1,2025-03-01,2025-07-28,149,0.0,0.0,0.0,0.0,0.0,0.0,80.0,0.0,0
RJ9644,1,2025-11-12,2025-12-19,37,0.0,0.0,0.0,0.0,0.0,0.0,0.0,0.0,0
RK0791,1,2025-07-07,2025-08-28,52,0.0,0.0,0.0,0.0,0.0,0.0,70.0,0.0,0
RK1312,4,2024-03-12,2024-08-28,169,0.0,0.0,0.0,0.0,0.0,0.0,45.0,0.0,1
RK1312,4,2024-03-12,2025-08-28,534,0.0,0.0,0.0,0.0,0.0,0.0,45.0,0.0,1
RK3774,3,2025-04-04,2025-11-27,237,0.0,0.0,0.0,0.0,0.0,0.0,85.0,0.0,0
RK5695,2,2025-05-09,2025-06-22,44,0.0,0.0,0.0,0.0,0.0,0.0,42.5,0.0,0
RL3393,1,2025-01-12,2025-05-29,137,0.0,0.0,0.0,0.0,0.0,0.0,70.0,0.0,0
RL3798,3,2025-02-12,2025-08-28,197,0.0,0.0,0.0,0.0,0.0,0.0,90.0,0.0,0
RL3798,3,2025-02-12,2024-08-28,-168,0.0,0.0,0.0,0.0,0.0,0.0,90.0,0.0,0
RL7627,1,2025-02-04,2025-05-29,114,0.0,0.0,0.0,0.0,0.0,0.0,90.0,0.0,0
RL7636,2,2025-02-05,2025-04-28,82,0.0,0.0,0.0,0.0,0.0,0.0,90.0,0.0,0
RM0609,1,2025-10-03,2026-06-21,261,0.0,0.0,0.0,0.0,0.0,0.0,80.0,0.0,0
RM4529,1,2025-03-07,2025-10-27,234,0.0,0.0,0.0,0.0,0.0,0.0,90.0,0.0,0
RM8560,4,2024-03-12,2025-04-26,410,0.0,0.0,0.0,0.0,0.0,0.0,87.5,0.0,1
RM8560,4,2024-03-12,2024-04-26,45,0.0,0.0,0.0,0.0,0.0,0.0,87.5,0.0,1
RN2233,2,2024-11-11,2025-01-20,70,0.0,0.0,0.0,0.0,0.0,0.0,80.0,0.0,0
RN2233,2,2024-11-11,2026-01-20,435,0.0,0.0,0.0,0.0,0.0,0.0,80.0,0.0,0
RN6832,1,2025-01-05,2025-06-25,171,0.0,0.0,0.0,0.0,0.0,0.0,90.0,0.0,0
RO0828,1,2025-04-08,2025-11-27,233,0.0,0.0,0.0,0.0,0.0,0.0,90.0,0.0,0
RO1462,1,2025-06-01,2025-07-25,54,0.0,0.0,0.0,0.0,0.0,0.0,90.0,0.0,0
RO1937,1,2025-08-04,2025-08-24,20,0.0,1.0,0.0,0.0,0.0,0.0,0.0,0.0,0
RO3094,1,2025-08-10,2026-01-19,162,0.0,0.0,0.0,0.0,0.0,0.0,90.0,0.0,0
RO3665,1,2025-10-03,2025-10-28,25,0.0,1.0,0.0,0.0,0.0,0.0,70.0,0.0,0
RO6152,2,2025-02-06,2025-09-26,232,0.0,0.0,0.0,0.0,0.0,0.0,85.0,0.0,0
RO9556,3,2025-12-11,2025-09-21,-81,0.0,0.0,0.0,0.0,0.0,0.0,86.66666666666667,0.0,0
RO9556,3,2025-12-11,2026-09-21,284,0.0,0.0,0.0,0.0,0.0,0.0,86.66666666666667,0.0,0
RP0460,9,2026-06-01,2025-07-21,-315,0.0,0.0,0.0,0.0,0.0,0.0,76.66666666666667,0.0,1
RP0460,9,2026-06-01,2026-07-21,50,0.0,0.0,0.0,0.0,0.0,0.0,76.66666666666667,0.0,1
RP0460,9,2026-06-01,2024-07-21,-680,0.0,0.0,0.0,0.0,0.0,0.0,76.66666666666667,0.0,1
RP0854,4,2025-02-12,2025-07-26,164,0.0,0.0,0.0,0.0,0.0,0.0,25.0,0.0,1
RP0854,4,2025-02-12,2024-07-26,-201,0.0,0.0,0.0,0.0,0.0,0.0,25.0,0.0,1
RP5606,9,2024-03-12,2025-10-20,587,0.0,0.0,0.0,0.0,0.0,0.0,81.66666666666667,0.0,1
RP5606,9,2024-03-12,2024-10-20,222,0.0,0.0,0.0,0.0,0.0,0.0,81.66666666666667,0.0,1
RP5606,9,2024-03-12,2026-10-20,952,0.0,0.0,0.0,0.0,0.0,0.0,81.66666666666667,0.0,1
RP8390,3,2025-09-10,2025-03-19,-175,0.0,0.0,0.0,0.0,0.0,0.0,88.33333333333333,0.0,0
RP8390,3,2025-09-10,2026-03-19,190,0.0,0.0,0.0,0.0,0.0,0.0,88.33333333333333,0.0,0
RQ0541,4,2025-12-11,2026-01-19,39,0.0,0.0,0.0,0.0,0.0,0.0,85.0,0.0,1
RQ0541,4,2025-12-11,2025-01-19,-326,0.0,0.0,0.0,0.0,0.0,0.0,85.0,0.0,1
RQ3775,2,2025-02-01,2026-09-17,593,0.0,0.0,0.0,0.0,0.0,0.0,80.0,0.0,0
RQ3775,2,2025-02-01,2025-09-17,228,0.0,0.0,0.0,0.0,0.0,0.0,80.0,0.0,0
RR6448,2,2025-12-03,2026-09-21,292,0.0,0.0,0.0,0.0,0.0,0.0,95.0,0.0,0
RR6454,3,2024-11-12,2025-11-21,374,0.0,1.0,0.0,0.0,0.0,0.0,80.0,0.0,0
RR6454,3,2024-11-12,2024-11-21,9,0.0,1.0,0.0,0.0,0.0,0.0,80.0,0.0,0
RR6454,3,2024-11-12,2026-11-21,739,0.0,1.0,0.0,0.0,0.0,0.0,80.0,0.0,0
RR9777,1,2025-04-11,2026-03-18,341,0.0,0.0,0.0,0.0,0.0,0.0,90.0,0.0,0
RS1688,1,2025-07-10,2026-04-18,282,0.0,0.0,0.0,0.0,0.0,0.0,90.0,0.0,0
RS5158,2,2025-02-10,2025-09-18,220,0.0,0.0,0.0,0.0,0.0,0.0,85.0,0.0,0
RS5158,2,2025-02-10,2026-09-18,585,0.0,0.0,0.0,0.0,0.0,0.0,85.0,0.0,0
RS8817,1,2025-07-10,2025-08-26,47,0.0,0.0,0.0,0.0,0.0,0.0,80.0,0.0,0
RS9221,3,2024-09-12,2026-09-18,736,1.0,1.0,0.0,0.0,0.0,0.0,70.0,0.25,0
RS9221,3,2024-09-12,2025-09-18,371,1.0,1.0,0.0,0.0,0.0,0.0,70.0,0.25,0
RS9221,3,2024-09-12,2024-09-18,6,1.0,1.0,0.0,0.0,0.0,0.0,70.0,0.25,0
RT2700,1,2025-10-06,2025-10-24,18,0.0,1.0,0.0,0.0,0.0,0.0,80.0,0.0,0
RT3675,2,2024-07-11,2024-12-28,170,0.0,0.0,0.0,0.0,0.0,0.0,87.5,0.0,0
RT4240,4,2025-10-11,2025-10-20,9,0.0,1.0,0.0,0.0,0.0,0.0,65.0,0.0,1
RT4240,4,2025-10-11,2026-10-20,374,0.0,1.0,0.0,0.0,0.0,0.0,65.0,0.0,1
RT6391,3,2025-12-11,2026-06-20,191,0.0,0.0,0.0,0.0,0.0,0.0,83.33333333333333,0.0,0
RT6391,3,2025-12-11,2025-06-20,-174,0.0,0.0,0.0,0.0,0.0,0.0,83.33333333333333,0.0,0
RT9011,1,2025-04-08,2025-04-24,16,0.0,1.0,0.0,0.0,0.0,0.0,90.0,0.0,0
RU1845,2,2024-04-11,2024-07-28,108,0.0,0.0,0.0,0.0,0.0,0.0,90.0,0.0,0
RU1845,2,2024-04-11,2025-07-28,473,0.0,0.0,0.0,0.0,0.0,0.0,90.0,0.0,0
RU9430,2,2024-12-12,2025-06-18,188,0.0,0.0,0.0,0.0,0.0,0.0,80.0,0.0,0
RU9430,2,2024-12-12,2026-06-18,553,0.0,0.0,0.0,0.0,0.0,0.0,80.0,0.0,0
RU9438,1,2025-02-09,2025-04-26,76,0.0,0.0,0.0,0.0,0.0,0.0,90.0,0.0,0
RV8296,1,2025-08-12,2025-12-21,131,0.0,0.0,0.0,0.0,0.0,0.0,90.0,0.0,0
RV9003,2,2025-03-11,2025-07-20,131,0.0,0.0,0.0,0.0,0.0,0.0,80.0,0.0,0
RV9003,2,2025-03-11,2026-07-20,496,0.0,0.0,0.0,0.0,0.0,0.0,80.0,0.0,0
RW2340,5,2024-12-12,2025-10-23,315,0.0,0.0,0.0,0.0,0.0,0.0,76.0,0.0,1
RW2340,5,2024-12-12,2024-10-23,-50,0.0,0.0,0.0,0.0,0.0,0.0,76.0,0.0,1
RX0223,3,2025-11-02,2025-11-26,24,0.0,1.0,0.0,0.0,0.0,0.0,83.33333333333333,0.0,0
RY1906,2,2025-04-08,2025-08-26,140,0.0,0.0,0.0,0.0,0.0,0.0,95.0,0.0,0
RY8458,1,2024-05-12,2025-01-24,257,0.0,0.0,0.0,0.0,0.0,0.0,80.0,0.0,0
RY8971,2,2024-11-11,2025-05-26,196,0.0,0.0,0.0,0.0,0.0,0.0,45.0,0.0,0
RZ0869,2,2025-07-01,2025-09-26,87,0.0,0.0,0.0,0.0,0.0,0.0,85.0,0.0,0
RZ5557,2,2024-04-11,2025-03-20,343,0.0,0.0,0.0,0.0,0.0,0.0,90.0,0.0,0
RZ5557,2,2024-04-11,2026-03-20,708,0.0,0.0,0.0,0.0,0.0,0.0,90.0,0.0,0
SA4459,2,2025-03-11,2025-05-25,75,0.0,0.0,0.0,0.0,0.0,0.0,65.0,0.0,0
SA4997,3,2024-01-11,2025-04-20,465,0.0,0.0,0.0,0.0,0.0,0.0,80.0,0.0,0
SA4997,3,2024-01-11,2026-04-20,830,0.0,0.0,0.0,0.0,0.0,0.0,80.0,0.0,0
SA4997,3,2024-01-11,2024-04-20,100,0.0,0.0,0.0,0.0,0.0,0.0,80.0,0.0,0
SB1331,1,2024-10-10,2024-12-29,80,0.0,0.0,0.0,0.0,0.0,0.0,90.0,0.0,0
SB5031,4,2025-06-05,2025-06-21,16,0.0,1.0,0.0,0.0,0.0,0.0,87.5,0.0,1
SB5031,4,2025-06-05,2026-06-21,381,0.0,1.0,0.0,0.0,0.0,0.0,87.5,0.0,1
SB7173,1,2025-05-11,2026-02-17,282,0.0,0.0,0.0,0.0,0.0,0.0,0.0,0.0,0
SB9802,4,2025-11-11,2025-09-19,-53,0.0,0.0,0.0,0.0,0.0,0.0,88.75,0.0,1
SB9802,4,2025-11-11,2026-09-19,312,0.0,0.0,0.0,0.0,0.0,0.0,88.75,0.0,1
SB9802,4,2025-11-11,2024-09-19,-418,0.0,0.0,0.0,0.0,0.0,0.0,88.75,0.0,1
SC2670,3,2025-10-10,2025-08-20,-51,0.0,0.0,0.0,0.0,0.0,0.0,83.33333333333333,0.0,0
SC2670,3,2025-10-10,2026-08-20,314,0.0,0.0,0.0,0.0,0.0,0.0,83.33333333333333,0.0,0
SD1274,4,2025-10-02,2025-10-20,18,0.0,1.0,0.0,0.0,0.0,180.0,80.0,0.0,1
SD1274,4,2025-10-02,2026-10-20,383,0.0,1.0,0.0,0.0,0.0,180.0,80.0,0.0,1
SD3892,1,2025-03-11,2025-12-20,284,0.0,0.0,0.0,0.0,0.0,0.0,0.0,0.0,0
SD7249,1,2025-09-12,2026-08-20,342,0.0,0.0,0.0,0.0,0.0,0.0,80.0,0.0,0
SD7786,1,2025-08-10,2026-04-19,252,0.0,0.0,0.0,0.0,0.0,0.0,80.0,0.0,0
SE1273,1,2025-01-10,2025-02-17,38,0.0,0.0,0.0,0.0,0.0,0.0,0.0,0.0,0
SE1895,1,2025-11-02,2026-09-21,323,0.0,0.0,0.0,0.0,0.0,0.0,70.0,0.0,0
SE2737,2,2024-06-11,2025-04-24,317,0.0,0.0,0.0,0.0,0.0,0.0,82.5,0.0,0
SE3693,1,2025-01-08,2025-07-25,198,0.0,0.0,0.0,0.0,0.0,0.0,80.0,0.0,0
SE6800,2,2024-03-12,2025-07-25,500,0.0,0.0,0.0,0.0,0.0,0.0,90.0,0.0,0
SE6800,2,2024-03-12,2024-07-25,135,0.0,0.0,0.0,0.0,0.0,0.0,90.0,0.0,0
SF4820,2,2025-05-03,2025-07-27,85,0.0,0.0,0.0,0.0,0.0,0.0,40.0,0.0,0
SG1646,1,2025-05-12,2025-09-28,139,0.0,0.0,0.0,0.0,0.0,0.0,90.0,0.0,0
SG2250,1,2025-06-08,2025-11-24,169,0.0,0.0,0.0,0.0,0.0,0.0,90.0,0.0,0
SG4268,1,2025-01-07,2025-11-24,321,0.0,0.0,0.0,0.0,0.0,0.0,0.0,0.0,0
SG8443,1,2025-02-10,2025-06-23,133,0.0,0.0,0.0,0.0,0.0,0.0,90.0,0.0,0
SG9408,2,2025-11-11,2025-11-27,16,0.0,2.0,0.0,0.0,0.0,0.0,85.0,0.0,0
SH6197,4,2025-06-10,2024-08-25,-289,0.0,0.0,0.0,0.0,0.0,0.0,41.25,0.0,1
SH6197,4,2025-06-10,2025-08-25,76,0.0,0.0,0.0,0.0,0.0,0.0,41.25,0.0,1
SH8826,1,2025-08-04,2025-11-24,112,0.0,0.0,0.0,0.0,0.0,0.0,50.0,0.0,0
SI2780,1,2025-02-07,2025-05-28,110,0.0,0.0,0.0,0.0,0.0,0.0,0.0,0.0,0
SI7430,2,2024-05-12,2025-11-22,559,0.0,0.0,0.0,0.0,0.0,0.0,0.0,0.0,0
SI7430,2,2024-05-12,2024-11-22,194,0.0,0.0,0.0,0.0,0.0,0.0,0.0,0.0,0
SI8553,2,2024-11-11,2025-02-18,99,0.0,0.0,0.0,0.0,0.0,0.0,50.0,0.0,0
SI8553,2,2024-11-11,2026-02-18,464,0.0,0.0,0.0,0.0,0.0,0.0,50.0,0.0,0
SJ1732,3,2025-11-12,2025-11-25,13,0.0,1.0,0.0,0.0,0.0,0.0,83.33333333333333,0.0,0
SJ2599,1,2025-04-12,2025-07-23,102,0.0,0.0,0.0,0.0,0.0,0.0,80.0,0.0,0
SK3452,3,2025-06-10,2025-04-20,-51,0.0,0.0,0.0,0.0,0.0,0.0,80.0,0.0,0
SK3452,3,2025-06-10,2026-04-20,314,0.0,0.0,0.0,0.0,0.0,0.0,80.0,0.0,0
SK4356,1,2024-11-12,2025-07-28,258,0.0,0.0,0.0,0.0,0.0,0.0,70.0,0.0,0
SK8423,4,2025-03-11,2025-06-19,100,0.0,0.0,0.0,0.0,0.0,0.0,85.0,0.0,1
SK8423,4,2025-03-11,2026-06-19,465,0.0,0.0,0.0,0.0,0.0,0.0,85.0,0.0,1
SK9408,1,2025-08-12,2026-01-18,159,0.0,0.0,0.0,0.0,0.0,0.0,80.0,0.0,0
SL7069,1,2025-09-12,2025-11-25,74,0.0,0.0,0.0,0.0,0.0,0.0,60.0,0.0,0
SL7261,6,2025-06-02,2025-06-19,17,0.0,3.0,0.0,0.0,0.0,0.0,83.33333333333333,0.0,1
SL7261,6,2025-06-02,2026-06-19,382,0.0,3.0,0.0,0.0,0.0,0.0,83.33333333333333,0.0,1
SL7739,1,2025-08-08,2025-10-26,79,0.0,0.0,0.0,0.0,0.0,0.0,80.0,0.0,0
SM3351,1,2025-07-01,2025-10-29,120,0.0,0.0,0.0,0.0,0.0,0.0,90.0,0.0,0
SM9058,4,2024-07-11,2025-06-27,351,0.0,0.0,0.0,0.0,0.0,0.0,86.25,0.0,1
SN3330,1,2024-06-11,2025-05-29,352,0.0,0.0,0.0,0.0,0.0,0.0,80.0,0.0,0
SN4133,4,2025-09-09,2025-11-25,77,0.0,0.0,0.0,0.0,0.0,0.0,87.5,0.0,1
SN9398,2,2025-11-08,2025-11-28,20,0.0,1.0,0.0,0.0,0.0,0.0,80.0,0.0,0
SN9789,1,2025-07-10,2025-08-19,40,0.0,0.0,0.0,0.0,0.0,0.0,80.0,0.0,0
SO2524,2,2025-07-05,2025-09-21,78,0.0,0.0,0.0,0.0,0.0,0.0,85.0,0.0,0
SO2524,2,2025-07-05,2026-09-21,443,0.0,0.0,0.0,0.0,0.0,0.0,85.0,0.0,0
SP3040,1,2025-11-11,2025-11-28,17,0.0,1.0,0.0,0.0,0.0,0.0,90.0,0.0,0
SP4167,1,2025-03-12,2025-07-24,134,0.0,0.0,0.0,0.0,0.0,0.0,85.0,0.0,0
SQ7026,2,2025-01-04,2025-11-21,321,0.0,0.0,0.0,0.0,0.0,0.0,50.0,0.0,0
SQ7026,2,2025-01-04,2026-11-21,686,0.0,0.0,0.0,0.0,0.0,0.0,50.0,0.0,0
SR0111,1,2025-03-04,2025-06-27,115,0.0,0.0,0.0,0.0,0.0,0.0,80.0,0.0,0
SR1921,2,2024-12-12,2024-12-26,14,0.0,2.0,0.0,0.0,0.0,0.0,60.0,0.0,0
SR2638,1,2025-07-10,2026-06-17,342,0.0,0.0,0.0,0.0,0.0,0.0,65.0,0.0,0
SR8494,1,2025-08-10,2026-07-19,343,0.0,0.0,0.0,0.0,0.0,0.0,85.0,0.0,0
SR9990,1,2025-04-03,2025-08-25,144,0.0,0.0,0.0,0.0,0.0,0.0,90.0,0.0,0
SS2265,1,2025-05-12,2025-07-27,76,0.0,0.0,0.0,0.0,0.0,0.0,80.0,0.0,0
SS5522,2,2025-08-10,2025-10-21,72,0.0,0.0,0.0,0.0,0.0,0.0,50.0,0.0,0
SS5522,2,2025-08-10,2026-10-21,437,0.0,0.0,0.0,0.0,0.0,0.0,50.0,0.0,0
ST1242,1,2025-05-03,2025-05-27,24,0.0,1.0,0.0,0.0,0.0,0.0,70.0,0.0,0
ST1634,1,2025-03-06,2025-04-25,50,0.0,0.0,0.0,0.0,0.0,0.0,80.0,0.0,0
ST1997,5,2025-06-10,2026-09-17,464,0.0,0.0,0.0,0.0,0.0,0.0,0.0,0.0,1
ST1997,5,2025-06-10,2025-09-17,99,0.0,0.0,0.0,0.0,0.0,0.0,0.0,0.0,1
ST1997,5,2025-06-10,2024-09-17,-266,0.0,0.0,0.0,0.0,0.0,0.0,0.0,0.0,1
ST5803,4,2025-10-04,2025-03-22,-196,0.0,0.0,0.0,0.0,0.0,0.0,45.0,0.0,1
ST5803,4,2025-10-04,2026-03-22,169,0.0,0.0,0.0,0.0,0.0,0.0,45.0,0.0,1
ST6414,2,2024-08-11,2025-05-19,281,0.0,0.0,0.0,0.0,0.0,0.0,90.0,0.0,0
ST6414,2,2024-08-11,2026-05-19,646,0.0,0.0,0.0,0.0,0.0,0.0,90.0,0.0,0
ST8326,2,2025-02-10,2025-08-26,197,0.0,0.0,0.0,0.0,0.0,0.0,80.0,0.0,0
ST9884,1,2025-01-07,2025-04-28,111,0.0,0.0,0.0,0.0,0.0,0.0,80.0,0.0,0
SU0362,1,2025-01-08,2025-03-29,80,0.0,0.0,0.0,0.0,0.0,0.0,100.0,0.0,0
SU4204,2,2025-07-11,2025-11-19,131,0.0,0.0,0.0,0.0,0.0,0.0,80.0,0.0,0
SU4204,2,2025-07-11,2026-11-19,496,0.0,0.0,0.0,0.0,0.0,0.0,80.0,0.0,0
SU6010,1,2025-08-10,2026-05-22,285,0.0,0.0,0.0,0.0,0.0,0.0,80.0,0.0,0
SU6150,2,2025-03-10,2025-11-21,256,0.0,0.0,0.0,0.0,0.0,0.0,0.0,0.0,0
SU6150,2,2025-03-10,2026-11-21,621,0.0,0.0,0.0,0.0,0.0,0.0,0.0,0.0,0
SU6558,1,2025-01-05,2025-11-23,322,0.0,0.0,0.0,0.0,0.0,0.0,50.0,0.0,0
SU8552,1,2025-03-02,2025-12-20,293,0.0,0.0,0.0,0.0,0.0,0.0,80.0,0.0,0
SV3507,1,2025-02-12,2025-06-28,136,0.0,0.0,0.0,0.0,0.0,0.0,70.0,0.0,0
SV8055,8,2025-12-11,2025-07-18,-146,1.0,1.0,0.0,0.0,0.0,0.0,68.75,0.1111111111111111,1
SV8055,8,2025-12-11,2026-07-18,219,1.0,1.0,0.0,0.0,0.0,0.0,68.75,0.1111111111111111,1
SV8055,8,2025-12-11,2024-07-18,-511,1.0,1.0,0.0,0.0,0.0,0.0,68.75,0.1111111111111111,1
SV8074,1,2025-02-07,2025-07-28,171,0.0,0.0,0.0,0.0,0.0,0.0,0.0,0.0,0
SV9807,2,2025-07-01,2025-07-18,17,0.0,1.0,0.0,0.0,0.0,0.0,90.0,0.0,0
SV9807,2,2025-07-01,2026-07-18,382,0.0,1.0,0.0,0.0,0.0,0.0,90.0,0.0,0
SW1279,1,2025-05-02,2025-08-23,113,0.0,0.0,0.0,0.0,0.0,0.0,80.0,0.0,0
SW7310,2,2024-05-12,2025-10-27,533,0.0,0.0,0.0,0.0,0.0,0.0,80.0,0.0,0
SW7310,2,2024-05-12,2024-10-27,168,0.0,0.0,0.0,0.0,0.0,0.0,80.0,0.0,0
SW9189,1,2025-09-05,2025-09-23,18,0.0,1.0,0.0,0.0,0.0,0.0,90.0,0.0,0
SX4902,5,2025-01-12,2025-09-21,252,0.0,0.0,0.0,0.0,0.0,0.0,84.0,0.0,1
SX4902,5,2025-01-12,2026-09-21,617,0.0,0.0,0.0,0.0,0.0,0.0,84.0,0.0,1
SX4902,5,2025-01-12,2024-09-21,-113,0.0,0.0,0.0,0.0,0.0,0.0,84.0,0.0,1
SX6708,4,2025-04-08,2025-06-24,77,0.0,0.0,0.0,0.0,0.0,0.0,20.0,0.0,1
SX8009,1,2024-12-12,2025-11-22,345,0.0,0.0,0.0,0.0,0.0,0.0,85.0,0.0,0
SY3984,5,2025-11-11,2025-01-21,-294,0.0,0.0,0.0,0.0,0.0,0.0,78.0,0.0,1
SY3984,5,2025-11-11,2026-01-21,71,0.0,0.0,0.0,0.0,0.0,0.0,78.0,0.0,1
SZ2893,2,2024-05-11,2025-09-24,501,0.0,0.0,0.0,0.0,0.0,0.0,70.0,0.0,0
SZ2893,2,2024-05-11,2024-09-24,136,0.0,0.0,0.0,0.0,0.0,0.0,70.0,0.0,0
SZ3907,2,2025-05-02,2025-10-20,171,0.0,0.0,0.0,0.0,0.0,0.0,0.0,0.0,0
SZ3907,2,2025-05-02,2026-10-20,536,0.0,0.0,0.0,0.0,0.0,0.0,0.0,0.0,0
SZ5884,1,2024-04-12,2025-11-27,594,0.0,0.0,0.0,0.0,0.0,0.0,90.0,0.0,0
SZ8057,1,2025-04-02,2025-08-24,144,0.0,0.0,0.0,0.0,0.0,0.0,60.0,0.0,0
TB2779,2,2024-12-12,2026-11-18,706,0.0,0.0,0.0,0.0,0.0,0.0,80.0,0.0,0
TB2779,2,2024-12-12,2025-11-18,341,0.0,0.0,0.0,0.0,0.0,0.0,80.0,0.0,0
TB3974,2,2025-01-07,2025-08-18,223,0.0,0.0,0.0,0.0,0.0,0.0,90.0,0.0,0
TB3974,2,2025-01-07,2026-08-18,588,0.0,0.0,0.0,0.0,0.0,0.0,90.0,0.0,0
TB4691,1,2026-05-01,2026-08-18,109,0.0,0.0,0.0,0.0,0.0,0.0,90.0,0.0,0
TB6240,1,2025-08-04,2025-09-25,52,0.0,0.0,0.0,0.0,0.0,0.0,60.0,0.0,0
TB7486,1,2025-03-11,2026-05-19,434,0.0,0.0,0.0,0.0,0.0,0.0,80.0,0.0,0
TB9825,1,2025-03-02,2025-12-21,294,0.0,0.0,0.0,0.0,0.0,0.0,0.0,0.0,0
TC0542,2,2024-05-11,2025-09-25,502,0.0,0.0,0.0,0.0,0.0,0.0,90.0,0.0,0
TC0542,2,2024-05-11,2024-09-25,137,0.0,0.0,0.0,0.0,0.0,0.0,90.0,0.0,0
TC2090,1,2025-01-09,2025-06-27,169,0.0,0.0,0.0,0.0,0.0,0.0,80.0,0.0,0
TC3410,2,2025-07-07,2025-11-25,141,0.0,0.0,0.0,0.0,0.0,0.0,40.0,0.0,0
TC6800,4,2025-05-11,2025-11-19,192,0.0,0.0,0.0,0.0,0.0,0.0,72.5,0.0,1
TC6800,4,2025-05-11,2026-11-19,557,0.0,0.0,0.0,0.0,0.0,0.0,72.5,0.0,1
TD1421,1,2024-11-12,2025-02-21,101,0.0,0.0,0.0,0.0,0.0,0.0,80.0,0.0,0
TD3457,2,2025-09-04,2025-10-22,48,0.0,0.0,0.0,0.0,0.0,0.0,90.0,0.0,0
TD3457,2,2025-09-04,2026-10-22,413,0.0,0.0,0.0,0.0,0.0,0.0,90.0,0.0,0
TD4462,1,2025-11-12,2025-11-28,16,0.0,1.0,0.0,0.0,0.0,0.0,90.0,0.0,0
TD4507,1,2024-07-11,2025-06-24,348,0.0,0.0,0.0,0.0,0.0,0.0,80.0,0.0,0
TD5883,1,2026-06-01,2026-07-19,48,0.0,0.0,0.0,0.0,0.0,0.0,80.0,0.0,0
TD6564,2,2025-05-11,2025-09-21,133,0.0,0.0,0.0,0.0,0.0,0.0,0.0,0.0,0
TD6564,2,2025-05-11,2026-09-21,498,0.0,0.0,0.0,0.0,0.0,0.0,0.0,0.0,0
TD9315,2,2025-07-11,2025-07-22,11,0.0,1.0,0.0,0.0,0.0,0.0,85.0,0.0,0
TD9315,2,2025-07-11,2026-07-22,376,0.0,1.0,0.0,0.0,0.0,0.0,85.0,0.0,0
TE4663,1,2025-03-04,2025-05-28,85,0.0,0.0,0.0,0.0,0.0,0.0,80.0,0.0,0
TF1940,1,2025-12-11,2026-01-18,38,0.0,0.0,0.0,0.0,0.0,0.0,90.0,0.0,0
TF2036,2,2025-06-03,2026-11-20,535,0.0,0.0,0.0,0.0,0.0,0.0,0.0,0.0,0
TF2036,2,2025-06-03,2025-11-20,170,0.0,0.0,0.0,0.0,0.0,0.0,0.0,0.0,0
TF3524,2,2025-04-04,2025-08-23,141,0.0,0.0,0.0,0.0,0.0,0.0,75.0,0.0,0
TF4455,1,2025-04-02,2025-05-28,56,0.0,0.0,0.0,0.0,0.0,0.0,80.0,0.0,0
TG1535,1,2025-12-02,2026-06-19,199,0.0,0.0,0.0,0.0,0.0,0.0,0.0,0.0,0
TG5492,1,2025-05-11,2025-09-23,135,0.0,0.0,0.0,0.0,0.0,0.0,90.0,0.0,0
TI1496,2,2024-12-12,2025-09-27,289,0.0,0.0,0.0,0.0,0.0,0.0,0.0,0.0,0
TI2228,5,2025-06-10,2024-08-22,-292,0.0,0.0,0.0,0.0,0.0,0.0,84.0,0.0,1
TI2228,5,2025-06-10,2025-08-22,73,0.0,0.0,0.0,0.0,0.0,0.0,84.0,0.0,1
TI2228,5,2025-06-10,2026-08-22,438,0.0,0.0,0.0,0.0,0.0,0.0,84.0,0.0,1
TI2911,1,2025-07-01,2026-01-20,203,0.0,0.0,0.0,0.0,0.0,0.0,50.0,0.0,0
TI4124,1,2025-10-10,2026-09-21,346,0.0,0.0,0.0,0.0,0.0,0.0,0.0,0.0,0
TI7631,1,2026-05-01,2026-09-18,140,0.0,0.0,0.0,0.0,0.0,0.0,85.0,0.0,0
TJ2501,1,2025-02-12,2025-04-24,71,0.0,0.0,0.0,0.0,0.0,0.0,85.0,0.0,0
TK1970,1,2025-01-08,2025-03-29,80,0.0,0.0,0.0,0.0,0.0,0.0,90.0,0.0,0
TK5790,1,2025-03-02,2025-04-24,53,0.0,0.0,0.0,0.0,0.0,0.0,85.0,0.0,0
TL3050,1,2025-02-10,2025-06-27,137,0.0,0.0,0.0,0.0,0.0,0.0,80.0,0.0,0
TL8726,1,2025-05-02,2025-05-24,22,0.0,1.0,0.0,0.0,0.0,80.0,20.0,0.0,0
TM1337,1,2025-06-11,2025-11-22,164,0.0,0.0,0.0,0.0,0.0,0.0,80.0,0.0,0
TM2958,1,2026-07-01,2026-10-18,109,0.0,0.0,0.0,0.0,0.0,0.0,0.0,0.0,0
TM3436,4,2025-08-10,2025-09-17,38,0.0,0.0,0.0,0.0,0.0,0.0,87.5,0.0,1
TM3436,4,2025-08-10,2026-09-17,403,0.0,0.0,0.0,0.0,0.0,0.0,87.5,0.0,1
TM4741,2,2025-11-02,2026-04-19,168,0.0,0.0,0.0,0.0,0.0,0.0,85.0,0.0,0
TM8383,1,2025-10-03,2026-01-21,110,0.0,0.0,0.0,0.0,0.0,0.0,90.0,0.0,0
TN5123,1,2025-02-12,2025-02-26,14,0.0,1.0,0.0,0.0,0.0,0.0,80.0,0.0,0
TN5280,2,2025-03-02,2025-05-21,80,0.0,0.0,0.0,0.0,0.0,0.0,0.0,0.0,0
TN5280,2,2025-03-02,2026-05-21,445,0.0,0.0,0.0,0.0,0.0,0.0,0.0,0.0,0
TO3046,1,2025-06-03,2026-05-21,352,0.0,0.0,0.0,0.0,0.0,0.0,90.0,0.0,0
TO3644,1,2025-10-03,2025-10-24,21,0.0,1.0,0.0,0.0,0.0,0.0,80.0,0.0,0
TO3854,2,2025-10-01,2025-10-21,20,0.0,1.0,0.0,0.0,0.0,0.0,90.0,0.0,0
TO3854,2,2025-10-01,2026-10-21,385,0.0,1.0,0.0,0.0,0.0,0.0,90.0,0.0,0
TO5001,1,2025-03-10,2025-08-27,170,0.0,0.0,0.0,0.0,0.0,0.0,60.0,0.0,0
TO6069,2,2025-11-11,2025-11-26,15,0.0,1.0,0.0,0.0,0.0,0.0,85.0,0.0,0
TP1364,4,2025-04-11,2025-08-19,130,0.0,0.0,0.0,0.0,0.0,0.0,45.0,0.0,1
TP1364,4,2025-04-11,2026-08-19,495,0.0,0.0,0.0,0.0,0.0,0.0,45.0,0.0,1
TP1905,2,2025-03-02,2025-04-18,47,0.0,0.0,0.0,0.0,0.0,0.0,90.0,0.0,0
TP1905,2,2025-03-02,2026-04-18,412,0.0,0.0,0.0,0.0,0.0,0.0,90.0,0.0,0
TP7967,1,2025-03-02,2025-06-26,116,0.0,0.0,0.0,0.0,0.0,0.0,50.0,0.0,0
TP8154,1,2025-09-12,2025-11-28,77,0.0,0.0,0.0,0.0,0.0,0.0,80.0,0.0,0
TQ2636,1,2025-05-03,2025-05-23,20,0.0,1.0,0.0,0.0,0.0,0.0,90.0,0.0,0
TQ2651,4,2025-02-12,2024-07-23,-204,0.0,0.0,0.0,0.0,0.0,0.0,79.75,0.0,1
TQ2651,4,2025-02-12,2025-07-23,161,0.0,0.0,0.0,0.0,0.0,0.0,79.75,0.0,1
TQ2929,2,2025-06-01,2026-08-18,443,0.0,0.0,0.0,0.0,0.0,0.0,90.0,0.0,0
TQ2929,2,2025-06-01,2025-08-18,78,0.0,0.0,0.0,0.0,0.0,0.0,90.0,0.0,0
TQ4146,6,2024-10-12,2025-02-16,127,0.0,0.0,0.0,0.0,0.0,0.0,80.0,0.0,1
TQ4146,6,2024-10-12,2026-02-16,492,0.0,0.0,0.0,0.0,0.0,0.0,80.0,0.0,1
TQ8961,1,2024-11-12,2024-12-27,45,0.0,0.0,0.0,0.0,0.0,0.0,80.0,0.0,0
TR3865,1,2025-05-06,2025-06-24,49,0.0,0.0,0.0,0.0,0.0,0.0,50.0,0.0,0
TR4348,1,2025-08-01,2025-08-19,18,0.0,1.0,0.0,0.0,0.0,0.0,90.0,0.0,0
TR9380,1,2024-08-10,2025-07-27,351,0.0,0.0,0.0,0.0,0.0,0.0,100.0,0.0,0
TS1150,3,2025-04-06,2025-06-26,81,0.0,1.0,0.0,0.0,0.0,0.0,86.66666666666667,0.0,0
TS1150,3,2025-04-06,2024-06-26,-284,0.0,1.0,0.0,0.0,0.0,0.0,86.66666666666667,0.0,0
TS2009,2,2024-01-11,2025-06-25,531,0.0,0.0,0.0,0.0,0.0,0.0,0.0,0.0,0
TS2009,2,2024-01-11,2024-06-25,166,0.0,0.0,0.0,0.0,0.0,0.0,0.0,0.0,0
TS2221,1,2025-02-05,2025-07-23,168,0.0,0.0,0.0,0.0,0.0,0.0,80.0,0.0,0
TS5930,1,2025-03-09,2025-08-27,171,0.0,0.0,0.0,0.0,0.0,0.0,80.0,0.0,0
TV2831,3,2025-10-11,2026-01-19,100,0.0,0.0,0.0,0.0,0.0,0.0,53.333333333333336,0.0,0
TV4132,2,2024-05-11,2025-07-27,442,0.0,0.0,0.0,0.0,0.0,0.0,90.0,0.0,0
TV4132,2,2024-05-11,2024-07-27,77,0.0,0.0,0.0,0.0,0.0,0.0,90.0,0.0,0
TV5774,2,2025-11-11,2026-04-17,157,0.0,0.0,0.0,0.0,0.0,0.0,45.0,0.0,0
TV7209,2,2025-06-02,2025-07-29,57,0.0,0.0,0.0,0.0,0.0,0.0,40.0,0.0,0
TV8080,3,2025-08-10,2025-05-19,-83,0.0,0.0,0.0,0.0,0.0,0.0,60.0,0.0,0
TV8080,3,2025-08-10,2026-05-19,282,0.0,0.0,0.0,0.0,0.0,0.0,60.0,0.0,0
TV8434,1,2024-06-12,2025-10-28,503,0.0,0.0,0.0,0.0,0.0,0.0,90.0,0.0,0
TV8912,2,2025-10-11,2025-10-27,16,0.0,1.0,0.0,0.0,0.0,0.0,85.0,0.0,0
TW5613,1,2026-07-01,2026-11-21,143,0.0,0.0,0.0,0.0,0.0,0.0,0.0,0.0,0
TW8950,1,2025-09-05,2025-10-27,52,0.0,0.0,0.0,0.0,0.0,0.0,90.0,0.0,0
TX3739,5,2025-08-10,2025-09-21,42,0.0,0.0,0.0,0.0,0.0,0.0,0.0,0.0,1
TX3739,5,2025-08-10,2026-09-21,407,0.0,0.0,0.0,0.0,0.0,0.0,0.0,0.0,1
TX3739,5,2025-08-10,2024-09-21,-323,0.0,0.0,0.0,0.0,0.0,0.0,0.0,0.0,1
TX7244,1,2025-03-03,2025-08-28,178,0.0,0.0,0.0,0.0,0.0,0.0,60.0,0.0,0
TX9436,2,2025-05-02,2026-05-19,382,0.0,1.0,0.0,0.0,0.0,0.0,80.0,0.0,0
TX9436,2,2025-05-02,2025-05-19,17,0.0,1.0,0.0,0.0,0.0,0.0,80.0,0.0,0
TY2104,2,2024-10-12,2025-11-22,406,0.0,0.0,0.0,0.0,0.0,0.0,90.0,0.0,0
TY2104,2,2024-10-12,2024-11-22,41,0.0,0.0,0.0,0.0,0.0,0.0,90.0,0.0,0
TY4955,2,2025-04-12,2026-11-18,585,0.0,0.0,0.0,0.0,0.0,0.0,80.0,0.0,0
TY4955,2,2025-04-12,2025-11-18,220,0.0,0.0,0.0,0.0,0.0,0.0,80.0,0.0,0
TZ5535,2,2025-08-04,2025-10-21,78,0.0,0.0,0.0,0.0,0.0,0.0,80.0,0.0,0
TZ5535,2,2025-08-04,2026-10-21,443,0.0,0.0,0.0,0.0,0.0,0.0,80.0,0.0,0
TZ5609,2,2025-03-02,2025-10-19,231,0.0,0.0,0.0,0.0,0.0,0.0,80.0,0.0,0
TZ5609,2,2025-03-02,2026-10-19,596,0.0,0.0,0.0,0.0,0.0,0.0,80.0,0.0,0
TZ8241,5,2026-06-01,2026-06-21,20,0.0,3.0,0.0,0.0,0.0,0.0,86.0,0.0,1
TZ8917,1,2024-05-12,2025-01-28,261,0.0,0.0,0.0,0.0,0.0,0.0,80.0,0.0,0
UA9777,3,2025-12-11,2026-06-17,188,0.0,0.0,0.0,0.0,0.0,0.0,43.333333333333336,0.0,0
UB0238,1,2025-08-01,2025-09-27,57,0.0,0.0,0.0,0.0,0.0,0.0,85.0,0.0,0
UB4867,2,2024-09-12,2025-01-19,129,0.0,0.0,0.0,0.0,0.0,0.0,80.0,0.0,0
UB4867,2,2024-09-12,2026-01-19,494,0.0,0.0,0.0,0.0,0.0,0.0,80.0,0.0,0
UB8132,6,2025-07-10,2025-07-28,18,0.0,2.0,0.0,0.0,0.0,0.0,82.5,0.0,1
UB8132,6,2025-07-10,2024-07-28,-347,0.0,2.0,0.0,0.0,0.0,0.0,82.5,0.0,1
UC1131,1,2025-01-10,2025-03-27,76,0.0,0.0,0.0,0.0,0.0,0.0,70.0,0.0,0
UC4114,1,2025-01-07,2025-02-25,49,0.0,0.0,0.0,0.0,0.0,0.0,90.0,0.0,0
UC6640,1,2025-02-07,2025-03-27,48,0.0,0.0,0.0,0.0,0.0,0.0,0.0,0.0,0
UC7656,1,2025-08-10,2026-04-21,254,0.0,0.0,0.0,0.0,0.0,0.0,80.0,0.0,0
UC7965,1,2025-04-03,2025-04-23,20,0.0,1.0,0.0,0.0,0.0,0.0,85.0,0.0,0
UD4445,1,2024-05-11,2025-03-23,316,0.0,0.0,0.0,0.0,0.0,0.0,80.0,0.0,0
UD7734,1,2025-08-10,2025-10-24,75,0.0,0.0,0.0,0.0,0.0,0.0,90.0,0.0,0
UD9951,2,2024-11-12,2026-02-17,462,0.0,0.0,0.0,0.0,0.0,0.0,85.0,0.0,0
UD9951,2,2024-11-12,2025-02-17,97,0.0,0.0,0.0,0.0,0.0,0.0,85.0,0.0,0
UE0789,2,2024-03-12,2025-03-24,377,0.0,1.0,0.0,0.0,0.0,0.0,85.0,0.0,0
UE0789,2,2024-03-12,2024-03-24,12,0.0,1.0,0.0,0.0,0.0,0.0,85.0,0.0,0
UE5609,2,2024-12-12,2025-09-25,287,0.0,0.0,0.0,0.0,0.0,0.0,85.0,0.0,0
UE9462,1,2025-02-01,2025-05-25,113,0.0,0.0,0.0,0.0,0.0,0.0,90.0,0.0,0
UE9648,6,2024-05-12,2025-04-17,340,0.0,0.0,0.0,0.0,0.0,0.0,86.66666666666667,0.0,1
UE9648,6,2024-05-12,2026-04-17,705,0.0,0.0,0.0,0.0,0.0,0.0,86.66666666666667,0.0,1
UF3523,6,2024-08-11,2025-09-23,408,0.0,0.0,0.0,0.0,0.0,0.0,73.33333333333333,0.0,1
UF3523,6,2024-08-11,2024-09-23,43,0.0,0.0,0.0,0.0,0.0,0.0,73.33333333333333,0.0,1
UG2390,2,2025-01-10,2025-01-22,12,0.0,1.0,0.0,0.0,0.0,0.0,80.0,0.0,0
UG2390,2,2025-01-10,2026-01-22,377,0.0,1.0,0.0,0.0,0.0,0.0,80.0,0.0,0
UG5152,3,2024-05-12,2025-06-18,402,0.0,0.0,0.0,0.0,0.0,0.0,80.0,0.0,0
UG5152,3,2024-05-12,2026-06-18,767,0.0,0.0,0.0,0.0,0.0,0.0,80.0,0.0,0
UG5152,3,2024-05-12,2024-06-18,37,0.0,0.0,0.0,0.0,0.0,0.0,80.0,0.0,0
UG8498,4,2025-06-10,2025-07-19,39,0.0,0.0,0.0,0.0,0.0,0.0,90.0,0.0,1
UG8498,4,2025-06-10,2026-07-19,404,0.0,0.0,0.0,0.0,0.0,0.0,90.0,0.0,1
UG8707,1,2024-04-12,2024-12-25,257,0.0,0.0,0.0,0.0,0.0,0.0,80.0,0.0,0
UH0123,1,2025-10-10,2026-02-17,130,0.0,0.0,0.0,0.0,0.0,0.0,85.0,0.0,0
UH5722,4,2025-03-11,2025-10-20,223,0.0,0.0,0.0,0.0,0.0,0.0,45.0,0.0,1
UH5722,4,2025-03-11,2026-10-20,588,0.0,0.0,0.0,0.0,0.0,0.0,45.0,0.0,1
UH7107,1,2026-06-01,2026-08-22,82,0.0,0.0,0.0,0.0,0.0,0.0,0.0,0.0,0
UH8058,2,2025-11-11,2026-02-19,100,0.0,0.0,0.0,0.0,0.0,0.0,65.0,0.0,0
UH9693,1,2025-12-12,2026-05-21,160,0.0,0.0,0.0,0.0,0.0,0.0,40.0,0.0,0
UI2229,2,2025-03-12,2025-10-28,230,0.0,0.0,0.0,0.0,0.0,0.0,87.5,0.0,0
UI2544,1,2025-01-04,2025-06-26,173,0.0,0.0,0.0,0.0,0.0,0.0,80.0,0.0,0
UI4750,1,2024-06-12,2025-01-26,228,0.0,0.0,0.0,0.0,0.0,0.0,0.0,0.0,0
UI6630,3,2025-11-11,2025-12-20,39,0.0,0.0,0.0,0.0,0.0,0.0,86.66666666666667,0.0,0
UJ4788,1,2024-12-11,2024-12-28,17,0.0,1.0,0.0,0.0,0.0,0.0,80.0,0.0,0
UJ7913,1,2025-05-11,2025-07-27,77,0.0,0.0,0.0,0.0,0.0,0.0,90.0,0.0,0
UK0561,3,2024-03-12,2025-05-21,435,0.0,0.0,0.0,0.0,0.0,0.0,50.0,0.0,0
UK0561,3,2024-03-12,2026-05-21,800,0.0,0.0,0.0,0.0,0.0,0.0,50.0,0.0,0
UK0561,3,2024-03-12,2024-05-21,70,0.0,0.0,0.0,0.0,0.0,0.0,50.0,0.0,0
UK2563,1,2025-09-10,2025-11-26,77,0.0,0.0,0.0,0.0,0.0,0.0,80.0,0.0,0
UK6971,1,2025-09-10,2026-09-17,372,0.0,0.0,0.0,0.0,0.0,0.0,90.0,0.0,0
UL1412,12,2025-09-05,2025-09-21,16,0.0,1.0,0.0,0.0,0.0,0.0,88.33333333333333,0.0,1
UL1412,12,2025-09-05,2026-09-21,381,0.0,1.0,0.0,0.0,0.0,0.0,88.33333333333333,0.0,1
UL8812,1,2025-10-10,2026-07-20,283,0.0,0.0,0.0,0.0,0.0,0.0,80.0,0.0,0
UM3207,1,2025-04-02,2025-06-23,82,0.0,0.0,0.0,0.0,0.0,0.0,70.0,0.0,0
UN3952,2,2025-04-07,2025-05-24,47,0.0,0.0,0.0,0.0,0.0,0.0,0.0,0.0,0
UN4258,2,2024-02-12,2024-09-27,228,0.0,0.0,0.0,0.0,0.0,0.0,90.0,0.0,0
UN4258,2,2024-02-12,2025-09-27,593,0.0,0.0,0.0,0.0,0.0,0.0,90.0,0.0,0
UO0083,1,2025-02-06,2025-02-20,14,0.0,1.0,0.0,0.0,0.0,0.0,50.0,0.0,0
UO2563,2,2025-02-04,2025-04-23,78,0.0,0.0,0.0,0.0,0.0,0.0,45.0,0.0,0
UO2951,4,2024-04-12,2025-06-22,436,0.0,0.0,0.0,0.0,0.0,0.0,85.0,0.0,1
UO2951,4,2024-04-12,2024-06-22,71,0.0,0.0,0.0,0.0,0.0,0.0,85.0,0.0,1
UO4385,1,2025-02-12,2025-09-22,222,0.0,0.0,0.0,0.0,0.0,0.0,50.0,0.0,0
UO6173,3,2024-03-12,2026-03-20,738,0.0,1.0,0.0,0.0,0.0,0.0,60.0,0.0,0
UO6173,3,2024-03-12,2025-03-20,373,0.0,1.0,0.0,0.0,0.0,0.0,60.0,0.0,0
UO6173,3,2024-03-12,2024-03-20,8,0.0,1.0,0.0,0.0,0.0,0.0,60.0,0.0,0
UO6766,1,2025-01-10,2025-10-19,282,0.0,0.0,0.0,0.0,0.0,0.0,0.0,0.0,0
UP0053,2,2025-07-07,2025-07-24,17,0.0,1.0,0.0,0.0,0.0,0.0,75.0,0.0,0
UP4423,1,2025-04-11,2025-07-23,103,0.0,0.0,0.0,0.0,0.0,0.0,80.0,0.0,0
UP4531,2,2024-05-11,2025-10-27,534,0.0,0.0,0.0,0.0,0.0,0.0,90.0,0.0,0
UP4531,2,2024-05-11,2024-10-27,169,0.0,0.0,0.0,0.0,0.0,0.0,90.0,0.0,0
UP5379,1,2024-12-12,2025-07-23,223,0.0,0.0,0.0,0.0,0.0,0.0,90.0,0.0,0
UP6503,2,2025-06-02,2025-11-28,179,0.0,0.0,0.0,0.0,0.0,0.0,85.0,0.0,0
UP7099,2,2024-08-11,2025-03-21,222,0.0,0.0,0.0,0.0,0.0,0.0,50.0,0.0,0
UP7099,2,2024-08-11,2026-03-21,587,0.0,0.0,0.0,0.0,0.0,0.0,50.0,0.0,0
UP9818,1,2025-09-12,2025-11-28,77,0.0,0.0,0.0,0.0,0.0,0.0,80.0,0.0,0
UQ1823,1,2025-04-08,2025-10-29,204,0.0,0.0,0.0,0.0,0.0,0.0,90.0,0.0,0
UQ2912,1,2025-07-10,2026-02-18,223,0.0,0.0,0.0,0.0,0.0,0.0,85.0,0.0,0
UQ6376,1,2025-03-09,2025-09-26,201,0.0,0.0,0.0,0.0,0.0,0.0,60.0,0.0,0
UR3568,1,2025-04-09,2025-09-26,170,0.0,0.0,0.0,0.0,0.0,0.0,0.0,0.0,0
UR7431,4,2025-07-02,2025-10-22,112,0.0,0.0,0.0,0.0,0.0,0.0,75.0,0.0,1
UR7431,4,2025-07-02,2026-10-22,477,0.0,0.0,0.0,0.0,0.0,0.0,75.0,0.0,1
UR8673,4,2025-09-12,2025-11-23,72,0.0,0.0,0.0,0.0,0.0,0.0,83.75,0.0,1
UR8673,4,2025-09-12,2024-11-23,-293,0.0,0.0,0.0,0.0,0.0,0.0,83.75,0.0,1
US2501,2,2025-03-02,2025-11-18,261,0.0,0.0,0.0,0.0,0.0,0.0,80.0,0.0,0
US2501,2,2025-03-02,2026-11-18,626,0.0,0.0,0.0,0.0,0.0,0.0,80.0,0.0,0
US3696,2,2025-09-12,2025-11-18,67,0.0,0.0,0.0,0.0,0.0,0.0,50.0,0.0,0
US3696,2,2025-09-12,2026-11-18,432,0.0,0.0,0.0,0.0,0.0,0.0,50.0,0.0,0
US4661,2,2025-06-05,2025-12-21,199,0.0,0.0,0.0,0.0,0.0,0.0,82.5,0.0,0
US7290,2,2024-09-12,2024-12-21,100,0.0,0.0,0.0,0.0,0.0,0.0,0.0,0.0,0
US7290,2,2024-09-12,2025-12-21,465,0.0,0.0,0.0,0.0,0.0,0.0,0.0,0.0,0
UT2511,1,2025-03-10,2025-06-27,109,0.0,0.0,0.0,0.0,0.0,0.0,90.0,0.0,0
UT4748,1,2025-02-01,2025-09-28,239,0.0,0.0,0.0,0.0,0.0,0.0,90.0,0.0,0
UU0674,1,2024-07-11,2025-04-28,291,0.0,0.0,0.0,0.0,0.0,0.0,80.0,0.0,0
UU1074,3,2024-12-12,2024-07-29,-136,0.0,0.0,0.0,0.0,0.0,0.0,83.33333333333333,0.0,0
UU1074,3,2024-12-12,2025-07-29,229,0.0,0.0,0.0,0.0,0.0,0.0,83.33333333333333,0.0,0
UU1621,8,2025-11-11,2025-09-18,-54,1.0,1.0,0.0,0.0,0.0,0.0,81.25,0.1111111111111111,1
UU1621,8,2025-11-11,2026-09-18,311,1.0,1.0,0.0,0.0,0.0,0.0,81.25,0.1111111111111111,1
UU2970,2,2025-02-04,2025-05-21,106,0.0,0.0,0.0,0.0,0.0,0.0,90.0,0.0,0
UU2970,2,2025-02-04,2026-05-21,471,0.0,0.0,0.0,0.0,0.0,0.0,90.0,0.0,0
UU6901,1,2025-12-12,2026-09-17,279,0.0,0.0,0.0,0.0,0.0,0.0,60.0,0.0,0
UU9995,1,2024-10-12,2024-12-29,78,0.0,0.0,0.0,0.0,0.0,0.0,90.0,0.0,0
UV0234,1,2024-06-11,2024-12-27,199,0.0,0.0,0.0,0.0,0.0,0.0,80.0,0.0,0
UV7733,2,2025-06-01,2025-07-23,52,0.0,0.0,0.0,0.0,0.0,0.0,82.5,0.0,0
UV9325,1,2025-08-12,2025-08-26,14,0.0,1.0,0.0,0.0,0.0,0.0,0.0,0.0,0
UV9459,3,2025-11-06,2025-11-27,21,0.0,1.0,0.0,0.0,0.0,0.0,53.333333333333336,0.0,0
UW3906,3,2025-06-10,2025-07-25,45,0.0,0.0,0.0,0.0,0.0,0.0,58.333333333333336,0.0,0
UX0967,3,2024-03-12,2025-11-19,617,0.0,0.0,0.0,0.0,0.0,0.0,90.0,0.0,0
UX0967,3,2024-03-12,2026-11-19,982,0.0,0.0,0.0,0.0,0.0,0.0,90.0,0.0,0
UX0967,3,2024-03-12,2024-11-19,252,0.0,0.0,0.0,0.0,0.0,0.0,90.0,0.0,0
UX6435,1,2025-07-10,2025-07-26,16,0.0,1.0,0.0,0.0,0.0,0.0,0.0,0.0,0
UX8390,1,2025-12-02,2026-06-17,197,0.0,0.0,0.0,0.0,0.0,0.0,40.0,0.0,0
UY0618,1,2025-07-10,2025-08-27,48,0.0,0.0,0.0,0.0,0.0,0.0,90.0,0.0,0
UZ5087,1,2024-04-11,2024-12-29,262,0.0,0.0,0.0,0.0,0.0,0.0,85.0,0.0,0
VA0530,1,2025-03-04,2025-06-27,115,0.0,0.0,0.0,0.0,0.0,0.0,80.0,0.0,0
VA1226,5,2024-12-12,2025-11-25,348,0.0,1.0,0.0,0.0,0.0,0.0,56.0,0.0,1
VA1226,5,2024-12-12,2024-11-25,-17,0.0,1.0,0.0,0.0,0.0,0.0,56.0,0.0,1
VA1725,1,2025-01-08,2025-10-28,293,0.0,0.0,0.0,0.0,0.0,0.0,90.0,0.0,0
VA2203,1,2025-03-11,2025-05-28,78,0.0,0.0,0.0,0.0,0.0,0.0,90.0,0.0,0
VA2451,4,2025-06-11,2025-11-19,161,0.0,0.0,0.0,0.0,0.0,0.0,85.0,0.0,1
VA2451,4,2025-06-11,2026-11-19,526,0.0,0.0,0.0,0.0,0.0,0.0,85.0,0.0,1
VA3637,1,2025-04-11,2025-06-27,77,0.0,0.0,0.0,0.0,0.0,0.0,90.0,0.0,0
VA7700,1,2024-08-11,2025-07-28,351,0.0,0.0,0.0,0.0,0.0,0.0,100.0,0.0,0
VA8417,1,2025-06-05,2025-06-27,22,0.0,1.0,0.0,0.0,0.0,0.0,90.0,0.0,0
VB0840,2,2025-04-03,2026-05-20,412,0.0,0.0,0.0,0.0,0.0,0.0,90.0,0.0,0
VB0840,2,2025-04-03,2025-05-20,47,0.0,0.0,0.0,0.0,0.0,0.0,90.0,0.0,0
VB4850,1,2025-03-06,2025-09-27,205,0.0,0.0,0.0,0.0,0.0,0.0,85.0,0.0,0
VC4554,3,2024-02-12,2025-04-19,432,0.0,0.0,0.0,0.0,0.0,0.0,80.0,0.0,0
VC4554,3,2024-02-12,2026-04-19,797,0.0,0.0,0.0,0.0,0.0,0.0,80.0,0.0,0
VC4554,3,2024-02-12,2024-04-19,67,0.0,0.0,0.0,0.0,0.0,0.0,80.0,0.0,0
VC6524,1,2025-07-08,2025-08-27,50,0.0,0.0,0.0,0.0,0.0,0.0,80.0,0.0,0
VC7900,3,2025-06-01,2025-03-21,-72,0.0,0.0,0.0,0.0,0.0,0.0,96.66666666666667,0.0,0
VC7900,3,2025-06-01,2026-03-21,293,0.0,0.0,0.0,0.0,0.0,0.0,96.66666666666667,0.0,0
VD1016,2,2025-04-12,2025-09-28,169,0.0,0.0,0.0,0.0,0.0,0.0,40.0,0.0,0
VD2480,2,2025-08-12,2025-09-18,37,0.0,0.0,0.0,0.0,0.0,0.0,80.0,0.0,0
VD2480,2,2025-08-12,2026-09-18,402,0.0,0.0,0.0,0.0,0.0,0.0,80.0,0.0,0
VD3828,1,2025-07-08,2025-08-25,48,0.0,0.0,0.0,0.0,0.0,0.0,85.0,0.0,0
VD3884,1,2025-01-12,2025-11-25,317,0.0,0.0,0.0,0.0,0.0,0.0,90.0,0.0,0
VD6338,2,2024-12-11,2024-12-22,11,0.0,1.0,0.0,0.0,0.0,0.0,92.0,0.0,0
VD6338,2,2024-12-11,2025-12-22,376,0.0,1.0,0.0,0.0,0.0,0.0,92.0,0.0,0
VE2295,1,2025-03-09,2025-11-25,261,0.0,0.0,0.0,0.0,0.0,0.0,80.0,0.0,0
VE4869,5,2025-10-12,2025-07-20,-84,0.0,0.0,0.0,0.0,0.0,0.0,86.0,0.0,1
VE4869,5,2025-10-12,2026-07-20,281,0.0,0.0,0.0,0.0,0.0,0.0,86.0,0.0,1
VE4869,5,2025-10-12,2024-07-20,-449,0.0,0.0,0.0,0.0,0.0,0.0,86.0,0.0,1
VE5659,1,2025-02-09,2025-06-26,137,0.0,0.0,0.0,0.0,0.0,0.0,80.0,0.0,0
VF2039,2,2025-08-01,2025-10-20,80,0.0,0.0,0.0,0.0,0.0,0.0,50.0,0.0,0
VF2039,2,2025-08-01,2026-10-20,445,0.0,0.0,0.0,0.0,0.0,0.0,50.0,0.0,0
VF3532,2,2025-12-11,2026-01-19,39,0.0,0.0,0.0,0.0,0.0,0.0,70.0,0.0,0
VF5512,1,2025-02-09,2025-10-27,260,0.0,0.0,0.0,0.0,0.0,0.0,80.0,0.0,0
VF8077,4,2025-08-10,2025-11-21,103,0.0,0.0,0.0,0.0,0.0,0.0,35.0,0.0,1
VF8077,4,2025-08-10,2026-11-21,468,0.0,0.0,0.0,0.0,0.0,0.0,35.0,0.0,1
VG0111,2,2024-12-12,2025-05-29,168,0.0,0.0,0.0,0.0,0.0,0.0,95.0,0.0,0
VG5432,2,2024-06-11,2025-06-23,377,0.0,1.0,0.0,0.0,0.0,0.0,85.0,0.0,0
VG5432,2,2024-06-11,2024-06-23,12,0.0,1.0,0.0,0.0,0.0,0.0,85.0,0.0,0
VG5569,4,2025-03-11,2025-10-21,224,0.0,0.0,0.0,0.0,0.0,0.0,90.0,0.0,1
VG5569,4,2025-03-11,2026-10-21,589,0.0,0.0,0.0,0.0,0.0,0.0,90.0,0.0,1
VG6990,1,2025-05-06,2025-05-27,21,0.0,1.0,0.0,0.0,0.0,0.0,80.0,0.0,0
VG8530,4,2026-05-01,2026-10-20,172,0.0,0.0,0.0,0.0,0.0,0.0,87.5,0.0,1
VG8530,4,2026-05-01,2025-10-20,-193,0.0,0.0,0.0,0.0,0.0,0.0,87.5,0.0,1
VG8530,4,2026-05-01,2024-10-20,-558,0.0,0.0,0.0,0.0,0.0,0.0,87.5,0.0,1
VG9398,1,2025-02-06,2025-11-27,294,0.0,0.0,0.0,0.0,0.0,0.0,80.0,0.0,0
VH1398,2,2025-03-11,2025-11-19,253,0.0,0.0,0.0,0.0,0.0,0.0,90.0,0.0,0
VH1398,2,2025-03-11,2026-11-19,618,0.0,0.0,0.0,0.0,0.0,0.0,90.0,0.0,0
VI0199,1,2025-06-10,2025-11-28,171,0.0,0.0,0.0,0.0,0.0,0.0,40.0,0.0,0
VI3005,2,2025-11-06,2025-11-25,19,0.0,1.0,0.0,0.0,0.0,0.0,85.0,0.0,0
VJ0579,2,2024-04-12,2025-08-29,504,0.0,0.0,0.0,0.0,0.0,0.0,90.0,0.0,0
VJ0579,2,2024-04-12,2024-08-29,139,0.0,0.0,0.0,0.0,0.0,0.0,90.0,0.0,0
VJ2417,1,2025-08-08,2025-09-24,47,0.0,0.0,0.0,0.0,0.0,0.0,70.0,0.0,0
VJ7621,2,2025-06-06,2025-06-27,21,0.0,1.0,0.0,0.0,0.0,0.0,75.0,0.0,0
VJ9226,1,2025-01-12,2025-09-26,257,0.0,0.0,0.0,0.0,0.0,0.0,65.0,0.0,0
VK0450,1,2025-03-02,2025-08-23,174,0.0,0.0,0.0,0.0,0.0,0.0,90.0,0.0,0
VK3211,2,2024-02-12,2024-09-23,224,0.0,0.0,0.0,0.0,0.0,0.0,80.0,0.0,0
VK3211,2,2024-02-12,2025-09-23,589,0.0,0.0,0.0,0.0,0.0,0.0,80.0,0.0,0
VK6036,1,2025-01-05,2025-01-24,19,0.0,1.0,0.0,0.0,0.0,0.0,80.0,0.0,0
VK6587,1,2025-11-11,2026-10-19,342,0.0,0.0,0.0,0.0,0.0,0.0,0.0,0.0,0
VK8829,2,2025-07-10,2025-08-20,41,0.0,0.0,0.0,0.0,0.0,0.0,80.0,0.0,0
VK8829,2,2025-07-10,2026-08-20,406,0.0,0.0,0.0,0.0,0.0,0.0,80.0,0.0,0
VM0052,2,2025-01-04,2025-10-21,290,0.0,0.0,0.0,0.0,0.0,0.0,40.0,0.0,0
VM0052,2,2025-01-04,2026-10-21,655,0.0,0.0,0.0,0.0,0.0,0.0,40.0,0.0,0
VM5235,1,2025-04-02,2025-08-27,147,0.0,0.0,0.0,0.0,0.0,0.0,80.0,0.0,0
VM9599,2,2025-07-07,2025-08-29,53,0.0,0.0,0.0,0.0,0.0,0.0,85.0,0.0,0
VN2343,3,2025-10-12,2024-12-22,-294,0.0,0.0,0.0,0.0,0.0,0.0,80.0,0.0,0
VN2343,3,2025-10-12,2025-12-22,71,0.0,0.0,0.0,0.0,0.0,0.0,80.0,0.0,0
VN4037,3,2025-06-11,2024-10-28,-226,0.0,0.0,0.0,0.0,0.0,0.0,76.66666666666667,0.0,0
VN4037,3,2025-06-11,2025-10-28,139,0.0,0.0,0.0,0.0,0.0,0.0,76.66666666666667,0.0,0
VN4535,1,2025-01-07,2025-06-28,172,0.0,0.0,0.0,0.0,0.0,0.0,85.0,0.0,0
VN7123,2,2025-01-10,2025-09-21,254,0.0,0.0,0.0,0.0,0.0,0.0,0.0,0.0,0
VN7123,2,2025-01-10,2026-09-21,619,0.0,0.0,0.0,0.0,0.0,0.0,0.0,0.0,0
VN7170,1,2025-03-03,2025-10-24,235,0.0,0.0,0.0,0.0,0.0,0.0,85.0,0.0,0
VN8557,1,2025-06-01,2025-11-20,172,0.0,0.0,0.0,0.0,0.0,0.0,85.0,0.0,0
VN9227,2,2024-04-11,2024-11-28,231,0.0,0.0,0.0,0.0,0.0,0.0,90.0,0.0,0
VN9227,2,2024-04-11,2025-11-28,596,0.0,0.0,0.0,0.0,0.0,0.0,90.0,0.0,0
VO1664,1,2025-08-12,2025-12-22,132,0.0,0.0,0.0,0.0,0.0,0.0,0.0,0.0,0
VO3350,1,2025-07-10,2025-07-28,18,0.0,1.0,0.0,0.0,0.0,0.0,80.0,0.0,0
VP3614,2,2025-01-10,2025-07-21,192,0.0,0.0,0.0,0.0,0.0,0.0,80.0,0.0,0
VP3614,2,2025-01-10,2026-07-21,557,0.0,0.0,0.0,0.0,0.0,0.0,80.0,0.0,0
VP6524,1,2025-07-10,2025-10-28,110,0.0,0.0,0.0,0.0,0.0,0.0,80.0,0.0,0
VP8020,1,2025-05-03,2025-07-24,82,0.0,0.0,0.0,0.0,0.0,0.0,0.0,0.0,0
VP9044,3,2025-05-11,2025-07-26,76,0.0,0.0,0.0,0.0,0.0,0.0,63.333333333333336,0.0,0
VQ5821,1,2025-04-11,2025-05-28,47,0.0,0.0,0.0,0.0,0.0,0.0,70.0,0.0,0
VQ8432,2,2025-04-02,2026-03-21,353,0.0,0.0,0.0,0.0,0.0,0.0,45.0,0.0,0
VR1778,2,2024-12-12,2025-04-20,129,0.0,0.0,0.0,0.0,0.0,0.0,90.0,0.0,0
VR1778,2,2024-12-12,2026-04-20,494,0.0,0.0,0.0,0.0,0.0,0.0,90.0,0.0,0
VR3598,4,2025-12-11,2025-07-20,-144,0.0,0.0,0.0,0.0,0.0,0.0,60.0,0.0,1
VR3598,4,2025-12-11,2026-07-20,221,0.0,0.0,0.0,0.0,0.0,0.0,60.0,0.0,1
VR4027,1,2025-08-01,2025-11-24,115,0.0,0.0,0.0,0.0,0.0,0.0,0.0,0.0,0
VR7893,1,2024-06-12,2025-05-29,351,0.0,0.0,0.0,0.0,0.0,0.0,70.0,0.0,0
VS3807,2,2025-08-07,2025-08-29,22,0.0,1.0,0.0,0.0,0.0,0.0,85.0,0.0,0
VS4445,1,2026-05-01,2026-08-21,112,0.0,0.0,0.0,0.0,0.0,0.0,90.0,0.0,0
VS4652,4,2025-07-10,2025-10-24,106,0.0,0.0,0.0,0.0,0.0,0.0,82.5,0.0,1
VS4652,4,2025-07-10,2024-10-24,-259,0.0,0.0,0.0,0.0,0.0,0.0,82.5,0.0,1
VS5747,2,2025-04-04,2025-10-21,200,0.0,0.0,0.0,0.0,0.0,0.0,80.0,0.0,0
VS5747,2,2025-04-04,2026-10-21,565,0.0,0.0,0.0,0.0,0.0,0.0,80.0,0.0,0
VS5879,3,2024-06-11,2025-08-21,436,0.0,0.0,0.0,0.0,0.0,0.0,90.0,0.0,0
VS5879,3,2024-06-11,2026-08-21,801,0.0,0.0,0.0,0.0,0.0,0.0,90.0,0.0,0
VS5879,3,2024-06-11,2024-08-21,71,0.0,0.0,0.0,0.0,0.0,0.0,90.0,0.0,0
VS8030,1,2026-05-01,2026-09-20,142,0.0,0.0,0.0,0.0,0.0,0.0,80.0,0.0,0
VS8269,3,2024-11-11,2025-11-20,374,0.0,1.0,0.0,0.0,0.0,0.0,0.0,0.0,0
VS8269,3,2024-11-11,2026-11-20,739,0.0,1.0,0.0,0.0,0.0,0.0,0.0,0.0,0
VS8269,3,2024-11-11,2024-11-20,9,0.0,1.0,0.0,0.0,0.0,0.0,0.0,0.0,0
VS9021,1,2025-08-07,2025-08-29,22,0.0,1.0,0.0,0.0,0.0,0.0,80.0,0.0,0
VT1854,2,2025-01-12,2026-11-20,677,0.0,0.0,0.0,0.0,0.0,0.0,80.0,0.0,0
VT1854,2,2025-01-12,2025-11-20,312,0.0,0.0,0.0,0.0,0.0,0.0,80.0,0.0,0
VT4107,2,2025-04-11,2026-06-17,432,0.0,0.0,0.0,0.0,0.0,0.0,80.0,0.0,0
VT4107,2,2025-04-11,2025-06-17,67,0.0,0.0,0.0,0.0,0.0,0.0,80.0,0.0,0
VT9215,1,2025-05-11,2025-06-24,44,0.0,0.0,0.0,0.0,0.0,0.0,90.0,0.0,0
VU4080,1,2025-07-01,2025-08-29,59,0.0,0.0,0.0,0.0,0.0,0.0,80.0,0.0,0
VU4693,4,2025-07-10,2025-11-21,134,0.0,0.0,0.0,0.0,0.0,0.0,80.0,0.0,1
VU4693,4,2025-07-10,2026-11-21,499,0.0,0.0,0.0,0.0,0.0,0.0,80.0,0.0,1
VU9662,8,2025-12-11,2025-07-22,-142,0.0,0.0,0.0,0.0,0.0,0.0,85.625,0.0,1
VU9662,8,2025-12-11,2026-07-22,223,0.0,0.0,0.0,0.0,0.0,0.0,85.625,0.0,1
VV9201,1,2026-06-01,2026-07-19,48,0.0,0.0,0.0,0.0,0.0,0.0,90.0,0.0,0
VW4128,1,2025-04-02,2026-03-19,351,0.0,0.0,0.0,0.0,0.0,0.0,90.0,0.0,0
VW6693,2,2025-03-01,2025-05-22,82,0.0,0.0,0.0,0.0,0.0,0.0,85.0,0.0,0
VW6693,2,2025-03-01,2026-05-22,447,0.0,0.0,0.0,0.0,0.0,0.0,85.0,0.0,0
VX1486,1,2025-03-12,2026-09-17,554,0.0,0.0,0.0,0.0,0.0,0.0,80.0,0.0,0
VX5848,1,2025-12-05,2025-12-19,14,0.0,1.0,0.0,0.0,0.0,0.0,80.0,0.0,0
VX7122,1,2025-03-06,2025-08-28,175,0.0,0.0,0.0,0.0,0.0,0.0,90.0,0.0,0
VX8477,2,2024-03-12,2025-10-23,590,0.0,0.0,0.0,0.0,0.0,0.0,80.0,0.0,0
VX8477,2,2024-03-12,2024-10-23,225,0.0,0.0,0.0,0.0,0.0,0.0,80.0,0.0,0
VZ4093,3,2024-06-12,2025-08-22,436,0.0,0.0,0.0,0.0,0.0,0.0,80.0,0.0,0
VZ4093,3,2024-06-12,2026-08-22,801,0.0,0.0,0.0,0.0,0.0,0.0,80.0,0.0,0
VZ4093,3,2024-06-12,2024-08-22,71,0.0,0.0,0.0,0.0,0.0,0.0,80.0,0.0,0
VZ5065,1,2024-11-12,2025-07-28,258,0.0,0.0,0.0,0.0,0.0,0.0,80.0,0.0,0
WA1279,2,2025-09-06,2025-10-28,52,0.0,0.0,0.0,0.0,0.0,0.0,40.0,0.0,0
WA2299,2,2025-06-11,2025-10-26,137,0.0,0.0,0.0,0.0,0.0,0.0,40.0,0.0,0
WA3669,1,2025-05-12,2025-10-28,169,0.0,0.0,0.0,0.0,0.0,0.0,80.0,0.0,0
WA5560,1,2026-06-01,2026-06-17,16,0.0,1.0,0.0,0.0,0.0,0.0,80.0,0.0,0
WA6721,2,2025-07-01,2025-08-19,49,0.0,0.0,0.0,0.0,0.0,0.0,80.0,0.0,0
WA6721,2,2025-07-01,2026-08-19,414,0.0,0.0,0.0,0.0,0.0,0.0,80.0,0.0,0
WA9405,3,2025-03-12,2024-11-27,-105,0.0,0.0,0.0,0.0,0.0,0.0,60.0,0.0,0
WA9405,3,2025-03-12,2025-11-27,260,0.0,0.0,0.0,0.0,0.0,0.0,60.0,0.0,0
WB0297,2,2024-06-12,2025-06-20,373,0.0,1.0,0.0,0.0,0.0,0.0,0.0,0.0,0
WB0297,2,2024-06-12,2024-06-20,8,0.0,1.0,0.0,0.0,0.0,0.0,0.0,0.0,0
WB2451,1,2025-07-07,2025-09-24,79,0.0,0.0,0.0,0.0,0.0,0.0,90.0,0.0,0
WB4681,1,2025-07-02,2025-12-20,171,0.0,0.0,0.0,0.0,0.0,0.0,80.0,0.0,0
WC2922,3,2025-01-07,2025-07-25,199,0.0,0.0,0.0,0.0,0.0,0.0,90.0,0.0,0
WC2922,3,2025-01-07,2024-07-25,-166,0.0,0.0,0.0,0.0,0.0,0.0,90.0,0.0,0
WC5214,4,2025-01-12,2025-07-21,190,0.0,0.0,0.0,0.0,0.0,0.0,90.0,0.0,1
WC5214,4,2025-01-12,2026-07-21,555,0.0,0.0,0.0,0.0,0.0,0.0,90.0,0.0,1
WD7740,1,2025-08-01,2025-09-21,51,0.0,0.0,0.0,0.0,0.0,0.0,70.0,0.0,0
WF0195,1,2024-12-11,2025-10-26,319,0.0,0.0,0.0,0.0,0.0,0.0,0.0,0.0,0
WF0496,1,2025-05-12,2025-06-24,43,0.0,0.0,0.0,0.0,0.0,0.0,0.0,0.0,0
WF4688,1,2025-01-12,2025-07-28,197,0.0,0.0,0.0,0.0,0.0,0.0,100.0,0.0,0
WF5311,3,2025-06-11,2025-09-24,105,0.0,0.0,0.0,0.0,0.0,0.0,88.33333333333333,0.0,0
WF5311,3,2025-06-11,2024-09-24,-260,0.0,0.0,0.0,0.0,0.0,0.0,88.33333333333333,0.0,0
WF6391,1,2025-10-02,2025-11-27,56,0.0,0.0,0.0,0.0,0.0,0.0,85.0,0.0,0
WF7419,1,2024-06-11,2025-01-20,223,0.0,0.0,0.0,0.0,0.0,0.0,0.0,0.0,0
WF8127,1,2025-06-11,2025-09-27,108,0.0,0.0,0.0,0.0,0.0,0.0,80.0,0.0,0
WG6039,2,2024-05-11,2025-01-22,256,0.0,0.0,0.0,0.0,0.0,0.0,85.0,0.0,0
WG6764,2,2025-05-02,2025-09-18,139,0.0,0.0,0.0,0.0,0.0,0.0,80.0,0.0,0
WG6764,2,2025-05-02,2026-09-18,504,0.0,0.0,0.0,0.0,0.0,0.0,80.0,0.0,0
WH2671,6,2025-07-11,2024-11-27,-226,0.0,0.0,0.0,0.0,0.0,0.0,26.666666666666668,0.0,1
WH2671,6,2025-07-11,2025-11-27,139,0.0,0.0,0.0,0.0,0.0,0.0,26.666666666666668,0.0,1
WH2740,2,2025-03-11,2025-08-19,161,0.0,0.0,0.0,0.0,0.0,0.0,90.0,0.0,0
WH2740,2,2025-03-11,2026-08-19,526,0.0,0.0,0.0,0.0,0.0,0.0,90.0,0.0,0
WI0388,1,2025-01-12,2025-01-29,17,0.0,1.0,0.0,0.0,0.0,0.0,90.0,0.0,0
WI2681,1,2025-01-04,2025-12-21,351,0.0,0.0,0.0,0.0,0.0,0.0,90.0,0.0,0
WI2929,1,2025-11-02,2026-10-21,353,0.0,0.0,0.0,0.0,0.0,0.0,90.0,0.0,0
WI7281,1,2024-04-11,2024-12-28,261,0.0,0.0,0.0,0.0,0.0,0.0,80.0,0.0,0
WI7299,2,2025-11-08,2025-11-27,19,0.0,1.0,0.0,0.0,0.0,0.0,87.5,0.0,0
WK0225,2,2025-03-07,2025-04-28,52,0.0,0.0,0.0,0.0,0.0,0.0,45.0,0.0,0
WL2892,2,2025-04-12,2025-05-29,47,0.0,0.0,0.0,0.0,0.0,0.0,40.0,0.0,0
WL4087,4,2025-03-12,2025-03-29,17,0.0,1.0,0.0,0.0,0.0,0.0,68.75,0.0,1
WL9584,1,2025-01-12,2025-04-28,106,0.0,0.0,0.0,0.0,0.0,0.0,90.0,0.0,0
WM1018,3,2025-04-12,2025-08-29,139,0.0,0.0,0.0,0.0,0.0,0.0,83.33333333333333,0.0,0
WM1735,1,2024-10-10,2025-05-29,231,0.0,0.0,0.0,0.0,0.0,0.0,40.0,0.0,0
WM4364,1,2025-04-11,2025-08-29,140,0.0,0.0,0.0,0.0,0.0,0.0,80.0,0.0,0
WN5314,2,2025-08-05,2025-11-21,108,0.0,0.0,0.0,0.0,0.0,0.0,80.0,0.0,0
WN5314,2,2025-08-05,2026-11-21,473,0.0,0.0,0.0,0.0,0.0,0.0,80.0,0.0,0
WO0366,1,2025-07-10,2025-10-28,110,0.0,0.0,0.0,0.0,0.0,0.0,90.0,0.0,0
WO1538,1,2025-07-10,2026-02-17,222,0.0,0.0,0.0,0.0,0.0,0.0,90.0,0.0,0
WO2575,2,2025-05-12,2025-06-23,42,0.0,0.0,0.0,0.0,0.0,0.0,80.0,0.0,0
WO2692,1,2025-07-01,2025-10-24,115,0.0,0.0,0.0,0.0,0.0,0.0,90.0,0.0,0
WO6113,1,2025-11-04,2025-11-28,24,0.0,1.0,0.0,0.0,0.0,0.0,90.0,0.0,0
WO9526,1,2025-06-01,2025-11-23,175,0.0,0.0,0.0,0.0,0.0,0.0,90.0,0.0,0
WO9698,1,2025-05-03,2025-10-29,179,0.0,0.0,0.0,0.0,0.0,0.0,85.0,0.0,0
WP3283,2,2025-10-11,2025-11-28,48,0.0,0.0,0.0,0.0,0.0,0.0,87.5,0.0,0
WQ0776,2,2024-12-11,2025-02-22,73,0.0,0.0,0.0,0.0,0.0,0.0,45.0,0.0,0
WQ3504,1,2025-01-09,2025-02-23,45,0.0,0.0,0.0,0.0,0.0,0.0,80.0,0.0,0
WQ5769,1,2024-11-12,2025-05-23,192,0.0,0.0,0.0,0.0,0.0,0.0,80.0,0.0,0
WR1261,1,2025-04-11,2025-08-29,140,0.0,0.0,0.0,0.0,0.0,0.0,90.0,0.0,0
WR2797,6,2024-02-12,2024-07-19,158,0.0,0.0,0.0,0.0,0.0,0.0,80.0,0.0,1
WR2797,6,2024-02-12,2026-07-19,888,0.0,0.0,0.0,0.0,0.0,0.0,80.0,0.0,1
WR2797,6,2024-02-12,2025-07-19,523,0.0,0.0,0.0,0.0,0.0,0.0,80.0,0.0,1
WR3058,2,2024-02-12,2025-05-24,467,0.0,0.0,0.0,0.0,0.0,0.0,90.0,0.0,0
WR3058,2,2024-02-12,2024-05-24,102,0.0,0.0,0.0,0.0,0.0,0.0,90.0,0.0,0
WS3934,1,2025-12-11,2026-07-22,223,0.0,0.0,0.0,0.0,0.0,0.0,0.0,0.0,0
WT2428,2,2024-12-11,2025-08-21,253,0.0,0.0,0.0,0.0,0.0,0.0,85.0,0.0,0
WT2428,2,2024-12-11,2026-08-21,618,0.0,0.0,0.0,0.0,0.0,0.0,85.0,0.0,0
WT2549,2,2025-03-11,2025-10-19,222,0.0,0.0,0.0,0.0,0.0,0.0,80.0,0.0,0
WT2549,2,2025-03-11,2026-10-19,587,0.0,0.0,0.0,0.0,0.0,0.0,80.0,0.0,0
WT3913,3,2025-06-10,2025-02-15,-115,0.0,0.0,0.0,0.0,0.0,0.0,30.0,0.0,0
WT3913,3,2025-06-10,2026-02-15,250,0.0,0.0,0.0,0.0,0.0,0.0,30.0,0.0,0
WT4515,2,2025-04-11,2025-09-21,163,0.0,0.0,0.0,0.0,0.0,0.0,80.0,0.0,0
WT4515,2,2025-04-11,2026-09-21,528,0.0,0.0,0.0,0.0,0.0,0.0,80.0,0.0,0
WT5920,1,2025-08-07,2025-10-24,78,0.0,0.0,0.0,0.0,0.0,0.0,90.0,0.0,0
WT6372,2,2025-02-01,2025-05-18,106,0.0,0.0,0.0,0.0,0.0,0.0,90.0,0.0,0
WT6372,2,2025-02-01,2026-05-18,471,0.0,0.0,0.0,0.0,0.0,0.0,90.0,0.0,0
WV1793,5,2025-12-12,2025-10-20,-53,0.0,0.0,0.0,0.0,0.0,0.0,54.0,0.0,1
WV1793,5,2025-12-12,2026-10-20,312,0.0,0.0,0.0,0.0,0.0,0.0,54.0,0.0,1
WW2000,1,2025-08-04,2026-02-19,199,0.0,0.0,0.0,0.0,0.0,0.0,50.0,0.0,0
WW6918,2,2025-06-02,2025-11-18,169,0.0,0.0,0.0,0.0,0.0,0.0,90.0,0.0,0
WW6918,2,2025-06-02,2026-11-18,534,0.0,0.0,0.0,0.0,0.0,0.0,90.0,0.0,0
WX0604,1,2026-06-01,2026-08-22,82,0.0,0.0,0.0,0.0,0.0,0.0,90.0,0.0,0
WX1979,1,2024-07-10,2024-12-28,171,0.0,0.0,0.0,0.0,0.0,0.0,80.0,0.0,0
WX3700,1,2025-01-10,2025-08-27,229,0.0,0.0,0.0,0.0,0.0,0.0,90.0,0.0,0
WX3826,1,2025-02-12,2025-12-21,312,0.0,0.0,0.0,0.0,0.0,0.0,0.0,0.0,0
WX5660,2,2025-02-07,2025-08-24,198,0.0,0.0,0.0,0.0,0.0,0.0,70.0,0.0,0
WX5986,7,2025-10-01,2025-10-19,18,0.0,1.0,0.0,0.0,0.0,0.0,74.28571428571429,0.0,1
WX5986,7,2025-10-01,2026-10-19,383,0.0,1.0,0.0,0.0,0.0,0.0,74.28571428571429,0.0,1
WX5986,7,2025-10-01,2024-10-19,-347,0.0,1.0,0.0,0.0,0.0,0.0,74.28571428571429,0.0,1
WY0944,1,2025-07-01,2025-10-22,113,0.0,0.0,0.0,0.0,0.0,0.0,80.0,0.0,0
WY0952,1,2025-06-01,2025-08-28,88,0.0,0.0,0.0,0.0,0.0,0.0,0.0,0.0,0
WY2430,1,2025-11-11,2026-08-22,284,0.0,0.0,0.0,0.0,0.0,0.0,0.0,0.0,0
WZ7386,1,2025-03-12,2025-11-23,256,0.0,0.0,0.0,0.0,0.0,0.0,70.0,0.0,0
XA0594,1,2026-05-01,2026-07-18,78,0.0,0.0,0.0,0.0,0.0,0.0,90.0,0.0,0
XA1885,2,2025-04-12,2025-06-18,67,0.0,0.0,0.0,0.0,0.0,0.0,80.0,0.0,0
XA1885,2,2025-04-12,2026-06-18,432,0.0,0.0,0.0,0.0,0.0,0.0,80.0,0.0,0
XA4418,6,2025-10-11,2025-08-18,-54,0.0,0.0,0.0,0.0,0.0,0.0,83.33333333333333,0.0,1
XA4418,6,2025-10-11,2026-08-18,311,0.0,0.0,0.0,0.0,0.0,0.0,83.33333333333333,0.0,1
XA4418,6,2025-10-11,2024-08-18,-419,0.0,0.0,0.0,0.0,0.0,0.0,83.33333333333333,0.0,1
XA5170,1,2025-05-12,2025-08-28,108,0.0,0.0,0.0,0.0,0.0,0.0,50.0,0.0,0
XB6908,6,2025-12-12,2026-05-19,158,0.0,0.0,0.0,0.0,0.0,0.0,15.0,0.0,1
XB6908,6,2025-12-12,2025-05-19,-207,0.0,0.0,0.0,0.0,0.0,0.0,15.0,0.0,1
XC4957,2,2025-05-12,2025-08-22,102,0.0,0.0,0.0,0.0,0.0,0.0,90.0,0.0,0
XC4957,2,2025-05-12,2026-08-22,467,0.0,0.0,0.0,0.0,0.0,0.0,90.0,0.0,0
XD8404,4,2025-10-03,2025-10-20,17,0.0,2.0,0.0,0.0,0.0,0.0,90.0,0.0,1
XD8404,4,2025-10-03,2026-10-20,382,0.0,2.0,0.0,0.0,0.0,0.0,90.0,0.0,1
XE7805,1,2026-05-01,2026-08-20,111,0.0,0.0,0.0,0.0,0.0,0.0,90.0,0.0,0
XE8063,1,2024-12-11,2025-01-29,49,0.0,0.0,0.0,0.0,0.0,0.0,90.0,0.0,0
XF4428,1,2025-09-05,2025-10-23,48,0.0,0.0,0.0,0.0,0.0,0.0,90.0,0.0,0
XF6629,2,2024-04-12,2025-08-28,503,0.0,0.0,0.0,0.0,0.0,0.0,80.0,0.0,0
XF6629,2,2024-04-12,2024-08-28,138,0.0,0.0,0.0,0.0,0.0,0.0,80.0,0.0,0
XF9684,1,2024-06-11,2025-02-20,254,0.0,0.0,0.0,0.0,0.0,0.0,0.0,0.0,0
XG1203,1,2024-11-11,2025-05-23,193,0.0,0.0,0.0,0.0,0.0,0.0,50.0,0.0,0
XG4387,1,2025-03-10,2025-04-23,44,0.0,0.0,0.0,0.0,0.0,0.0,90.0,0.0,0
XG7529,1,2024-08-11,2025-04-25,257,0.0,0.0,0.0,0.0,0.0,0.0,80.0,0.0,0
XG9223,1,2024-12-12,2025-11-28,351,0.0,0.0,0.0,0.0,0.0,0.0,90.0,0.0,0
XI2204,1,2025-11-03,2026-05-22,200,0.0,0.0,0.0,0.0,0.0,0.0,80.0,0.0,0
XI3643,1,2025-02-10,2025-08-27,198,0.0,0.0,0.0,0.0,0.0,0.0,90.0,0.0,0
XI3957,1,2024-12-12,2025-11-26,349,0.0,0.0,0.0,0.0,0.0,0.0,85.0,0.0,0
XI4788,3,2025-06-08,2025-06-28,20,0.0,1.0,0.0,0.0,0.0,0.0,53.333333333333336,0.0,0
XI7801,2,2025-11-12,2026-09-17,309,0.0,0.0,0.0,0.0,0.0,0.0,85.0,0.0,0
XJ8000,1,2025-12-12,2026-08-18,249,0.0,0.0,0.0,0.0,0.0,0.0,80.0,0.0,0
XJ8581,1,2025-06-02,2025-06-27,25,0.0,1.0,0.0,0.0,0.0,0.0,80.0,0.0,0
XK7660,2,2025-03-12,2025-03-27,15,0.0,1.0,0.0,0.0,0.0,0.0,75.0,0.0,0
XK7939,1,2025-03-10,2025-04-26,47,0.0,0.0,0.0,0.0,0.0,0.0,80.0,0.0,0
XL0205,3,2024-06-11,2024-12-28,200,0.0,0.0,0.0,0.0,0.0,0.0,86.66666666666667,0.0,0
XL5989,1,2025-03-12,2025-08-26,167,0.0,0.0,0.0,0.0,0.0,0.0,90.0,0.0,0
XL6387,2,2024-04-12,2024-12-21,253,0.0,0.0,0.0,0.0,0.0,0.0,85.0,0.0,0
XL6387,2,2024-04-12,2025-12-21,618,0.0,0.0,0.0,0.0,0.0,0.0,85.0,0.0,0
XL6689,2,2025-03-10,2026-05-22,438,0.0,0.0,0.0,0.0,0.0,0.0,85.0,0.0,0
XL8133,2,2024-05-12,2024-06-28,47,0.0,0.0,0.0,0.0,0.0,0.0,90.0,0.0,0
XL8133,2,2024-05-12,2025-06-28,412,0.0,0.0,0.0,0.0,0.0,0.0,90.0,0.0,0
XM1449,2,2024-08-11,2025-09-26,411,0.0,0.0,0.0,0.0,0.0,0.0,90.0,0.0,0
XM1449,2,2024-08-11,2024-09-26,46,0.0,0.0,0.0,0.0,0.0,0.0,90.0,0.0,0
XM1672,1,2024-11-12,2025-05-26,195,0.0,0.0,0.0,0.0,0.0,0.0,90.0,0.0,0
XM4288,1,2025-02-07,2025-10-24,259,0.0,0.0,0.0,0.0,0.0,0.0,90.0,0.0,0
XM4849,2,2025-04-02,2025-06-21,80,0.0,0.0,0.0,0.0,0.0,0.0,0.0,0.0,0
XM4849,2,2025-04-02,2026-06-21,445,0.0,0.0,0.0,0.0,0.0,0.0,0.0,0.0,0
XO1677,2,2025-07-10,2026-08-19,405,0.0,0.0,0.0,0.0,0.0,0.0,0.0,0.0,0
XO1677,2,2025-07-10,2025-08-19,40,0.0,0.0,0.0,0.0,0.0,0.0,0.0,0.0,0
XO5594,2,2024-09-12,2025-04-21,221,0.0,0.0,0.0,0.0,0.0,0.0,90.0,0.0,0
XO5594,2,2024-09-12,2026-04-21,586,0.0,0.0,0.0,0.0,0.0,0.0,90.0,0.0,0
XO7072,1,2025-04-02,2025-05-29,57,0.0,0.0,0.0,0.0,0.0,0.0,80.0,0.0,0
XO7261,1,2024-10-12,2026-05-20,585,0.0,0.0,0.0,0.0,0.0,0.0,90.0,0.0,0
XP4692,1,2024-06-11,2025-05-28,351,0.0,0.0,0.0,0.0,0.0,0.0,80.0,0.0,0
XQ1754,1,2025-06-05,2025-08-23,79,0.0,0.0,0.0,0.0,0.0,0.0,60.0,0.0,0
XQ1813,2,2024-02-12,2025-09-24,590,0.0,0.0,0.0,0.0,0.0,0.0,80.0,0.0,0
XQ1813,2,2024-02-12,2024-09-24,225,0.0,0.0,0.0,0.0,0.0,0.0,80.0,0.0,0
XQ4067,1,2025-03-02,2025-09-22,204,0.0,0.0,0.0,0.0,0.0,0.0,90.0,0.0,0
XR0584,1,2025-03-06,2025-11-22,261,0.0,0.0,0.0,0.0,0.0,0.0,80.0,0.0,0
XR7654,2,2024-06-11,2025-07-23,407,0.0,0.0,0.0,0.0,0.0,0.0,0.0,0.0,0
XR7654,2,2024-06-11,2024-07-23,42,0.0,0.0,0.0,0.0,0.0,0.0,0.0,0.0,0
XS2376,1,2025-06-05,2025-07-29,54,0.0,0.0,0.0,0.0,0.0,0.0,50.0,0.0,0
XS9002,1,2025-09-06,2025-10-26,50,0.0,0.0,0.0,0.0,0.0,0.0,100.0,0.0,0
XT4844,1,2024-11-12,2025-10-29,351,0.0,0.0,0.0,0.0,0.0,0.0,90.0,0.0,0
XU2979,1,2025-07-04,2026-06-21,352,0.0,0.0,0.0,0.0,0.0,0.0,90.0,0.0,0
XU3638,3,2025-06-10,2024-10-28,-225,0.0,0.0,0.0,0.0,0.0,0.0,80.0,0.0,0
XU3638,3,2025-06-10,2025-10-28,140,0.0,0.0,0.0,0.0,0.0,0.0,80.0,0.0,0
XU4997,1,2025-09-10,2025-11-26,77,0.0,0.0,0.0,0.0,0.0,0.0,0.0,0.0,0
XW1691,1,2025-04-09,2025-04-27,18,0.0,1.0,0.0,0.0,0.0,0.0,85.0,0.0,0
XW4717,1,2025-09-12,2026-01-18,128,0.0,0.0,0.0,0.0,0.0,0.0,85.0,0.0,0
XX1601,4,2024-03-12,2024-12-19,282,0.0,0.0,0.0,0.0,0.0,0.0,25.0,0.0,1
XX1601,4,2024-03-12,2025-12-19,647,0.0,0.0,0.0,0.0,0.0,0.0,25.0,0.0,1
XX3519,1,2025-06-11,2025-09-27,108,0.0,0.0,0.0,0.0,0.0,0.0,90.0,0.0,0
XX6074,2,2024-04-11,2025-02-25,320,0.0,0.0,0.0,0.0,0.0,0.0,85.0,0.0,0
XY2460,1,2025-07-11,2025-11-26,138,0.0,0.0,0.0,0.0,0.0,0.0,90.0,0.0,0
XY2843,2,2025-07-04,2025-09-21,79,0.0,0.0,0.0,0.0,0.0,0.0,90.0,0.0,0
XY2843,2,2025-07-04,2026-09-21,444,0.0,0.0,0.0,0.0,0.0,0.0,90.0,0.0,0
YA4714,1,2025-12-02,2026-06-19,199,0.0,0.0,0.0,0.0,0.0,0.0,90.0,0.0,0
YB7753,3,2025-11-12,2025-07-20,-115,0.0,0.0,0.0,0.0,0.0,0.0,80.0,0.0,0
YB7753,3,2025-11-12,2026-07-20,250,0.0,0.0,0.0,0.0,0.0,0.0,80.0,0.0,0
YC0481,1,2024-06-11,2024-12-27,199,0.0,0.0,0.0,0.0,0.0,0.0,60.0,0.0,0
YC1560,2,2025-11-11,2025-11-17,6,1.0,1.0,0.0,0.0,0.0,0.0,80.0,0.3333333333333333,0
YC1560,2,2025-11-11,2026-11-17,371,1.0,1.0,0.0,0.0,0.0,0.0,80.0,0.3333333333333333,0
YC7976,1,2024-12-12,2025-07-23,223,0.0,0.0,0.0,0.0,0.0,0.0,80.0,0.0,0
YD4355,2,2025-10-04,2025-11-24,51,0.0,0.0,0.0,0.0,0.0,0.0,90.0,0.0,0
YD5925,2,2025-05-06,2025-11-26,204,0.0,0.0,0.0,0.0,0.0,0.0,65.0,0.0,0
YD6394,1,2024-12-11,2025-08-23,255,0.0,0.0,0.0,0.0,0.0,0.0,85.0,0.0,0
YD6944,1,2024-03-12,2025-01-27,321,0.0,0.0,0.0,0.0,0.0,0.0,70.0,0.0,0
YD9785,1,2025-03-09,2025-10-28,233,0.0,0.0,0.0,0.0,0.0,0.0,80.0,0.0,0
YE5243,1,2025-11-11,2026-09-21,314,0.0,0.0,0.0,0.0,0.0,0.0,70.0,0.0,0
YF2533,1,2025-04-11,2025-08-24,135,0.0,0.0,0.0,0.0,0.0,0.0,90.0,0.0,0
YF4467,1,2025-02-10,2025-03-28,46,0.0,0.0,0.0,0.0,0.0,0.0,80.0,0.0,0
YF9317,1,2025-11-12,2025-11-26,14,0.0,1.0,0.0,0.0,0.0,0.0,80.0,0.0,0
YG1968,2,2025-08-10,2025-10-21,72,0.0,0.0,0.0,0.0,0.0,0.0,0.0,0.0,0
YG1968,2,2025-08-10,2026-10-21,437,0.0,0.0,0.0,0.0,0.0,0.0,0.0,0.0,0
YG3138,1,2025-02-07,2025-06-27,140,0.0,0.0,0.0,0.0,0.0,0.0,85.0,0.0,0
YH7110,1,2024-11-11,2025-04-23,163,0.0,0.0,0.0,0.0,0.0,0.0,90.0,0.0,0
YI2267,2,2025-05-11,2025-09-19,131,0.0,0.0,0.0,0.0,0.0,0.0,90.0,0.0,0
YI2267,2,2025-05-11,2026-09-19,496,0.0,0.0,0.0,0.0,0.0,0.0,90.0,0.0,0
YJ0480,1,2025-09-04,2026-04-21,229,0.0,0.0,0.0,0.0,0.0,0.0,70.0,0.0,0
YJ0923,1,2025-04-08,2025-08-25,139,0.0,0.0,0.0,0.0,0.0,0.0,90.0,0.0,0
YJ3676,10,2025-04-02,2025-04-18,16,0.0,3.0,0.0,0.0,0.0,0.0,73.0,0.0,1
YJ3676,10,2025-04-02,2026-04-18,381,0.0,3.0,0.0,0.0,0.0,0.0,73.0,0.0,1
YJ5192,2,2024-05-12,2025-02-23,287,0.0,0.0,0.0,0.0,0.0,0.0,90.0,0.0,0
YK0422,4,2025-03-12,2025-06-20,100,0.0,0.0,0.0,0.0,0.0,0.0,45.0,0.0,1
YK0422,4,2025-03-12,2026-06-20,465,0.0,0.0,0.0,0.0,0.0,0.0,45.0,0.0,1
YK0850,5,2025-12-02,2026-11-18,351,0.0,2.0,0.0,0.0,0.0,0.0,60.0,0.0,1
YK0850,5,2025-12-02,2025-11-18,-14,0.0,2.0,0.0,0.0,0.0,0.0,60.0,0.0,1
YL0136,2,2025-04-12,2026-07-18,462,0.0,0.0,0.0,0.0,0.0,0.0,0.0,0.0,0
YL0136,2,2025-04-12,2025-07-18,97,0.0,0.0,0.0,0.0,0.0,0.0,0.0,0.0,0
YM4424,2,2025-11-02,2025-11-18,16,0.0,1.0,0.0,0.0,0.0,0.0,80.0,0.0,0
YM4424,2,2025-11-02,2026-11-18,381,0.0,1.0,0.0,0.0,0.0,0.0,80.0,0.0,0
YN3404,6,2024-10-12,2025-10-28,381,0.0,2.0,0.0,0.0,0.0,0.0,76.66666666666667,0.0,1
YN3404,6,2024-10-12,2024-10-28,16,0.0,2.0,0.0,0.0,0.0,0.0,76.66666666666667,0.0,1
YN9579,3,2025-02-06,2025-09-27,233,0.0,0.0,0.0,0.0,0.0,0.0,83.33333333333333,0.0,0
YO3203,3,2025-11-12,2024-12-21,-326,0.0,0.0,0.0,0.0,0.0,0.0,33.333333333333336,0.0,0
YO3203,3,2025-11-12,2025-12-21,39,0.0,0.0,0.0,0.0,0.0,0.0,33.333333333333336,0.0,0
YO4179,1,2025-03-11,2025-11-24,258,0.0,0.0,0.0,0.0,0.0,0.0,0.0,0.0,0
YO4788,1,2024-12-11,2025-04-27,137,0.0,0.0,0.0,0.0,0.0,0.0,85.0,0.0,0
YO6720,1,2025-03-12,2025-03-23,11,0.0,1.0,0.0,0.0,0.0,0.0,90.0,0.0,0
YP3516,1,2024-06-11,2025-02-22,256,0.0,0.0,0.0,0.0,0.0,0.0,80.0,0.0,0
YP4391,1,2025-10-11,2025-11-25,45,0.0,0.0,0.0,0.0,0.0,0.0,90.0,0.0,0
YP6889,1,2025-09-04,2026-04-21,229,0.0,0.0,0.0,0.0,0.0,0.0,90.0,0.0,0
YP7559,1,2025-11-03,2025-11-28,25,0.0,1.0,0.0,0.0,0.0,0.0,80.0,0.0,0
YQ0495,1,2025-12-05,2026-04-17,133,0.0,0.0,0.0,0.0,0.0,0.0,0.0,0.0,0
YQ4995,1,2025-02-10,2025-11-25,288,0.0,0.0,0.0,0.0,0.0,0.0,80.0,0.0,0
YQ7946,2,2025-10-02,2025-11-26,55,0.0,0.0,0.0,0.0,0.0,0.0,90.0,0.0,0
YQ9498,1,2025-01-10,2025-10-24,287,0.0,0.0,0.0,0.0,0.0,0.0,90.0,0.0,0
YQ9924,1,2025-03-03,2025-10-27,238,0.0,0.0,0.0,0.0,0.0,0.0,90.0,0.0,0
YR0378,5,2025-10-11,2025-11-22,42,0.0,0.0,0.0,0.0,0.0,0.0,86.0,0.0,1
YR0378,5,2025-10-11,2024-11-22,-323,0.0,0.0,0.0,0.0,0.0,0.0,86.0,0.0,1
YR1740,4,2025-10-11,2026-03-20,160,0.0,1.0,0.0,0.0,0.0,0.0,80.0,0.0,1
YR1740,4,2025-10-11,2025-03-20,-205,0.0,1.0,0.0,0.0,0.0,0.0,80.0,0.0,1
YR1740,4,2025-10-11,2024-03-20,-570,0.0,1.0,0.0,0.0,0.0,0.0,80.0,0.0,1
YR7832,2,2025-07-02,2026-11-18,504,0.0,0.0,0.0,0.0,0.0,0.0,80.0,0.0,0
YR7832,2,2025-07-02,2025-11-18,139,0.0,0.0,0.0,0.0,0.0,0.0,80.0,0.0,0
YR9779,4,2024-04-11,2025-09-22,529,0.0,0.0,0.0,0.0,0.0,0.0,85.0,0.0,1
YR9779,4,2024-04-11,2024-09-22,164,0.0,0.0,0.0,0.0,0.0,0.0,85.0,0.0,1
YS2639,1,2025-04-06,2025-09-23,170,0.0,0.0,0.0,0.0,0.0,0.0,90.0,0.0,0
YU1492,2,2025-04-11,2025-08-28,139,0.0,0.0,0.0,0.0,0.0,0.0,80.0,0.0,0
YU5209,3,2025-03-12,2024-12-19,-83,0.0,0.0,0.0,0.0,0.0,0.0,53.333333333333336,0.0,0
YU5209,3,2025-03-12,2025-12-19,282,0.0,0.0,0.0,0.0,0.0,0.0,53.333333333333336,0.0,0
YU6807,1,2025-06-10,2025-06-25,15,0.0,1.0,0.0,0.0,0.0,0.0,70.0,0.0,0
YU8249,2,2025-03-01,2025-06-17,108,0.0,0.0,0.0,0.0,0.0,0.0,90.0,0.0,0
YU8249,2,2025-03-01,2026-06-17,473,0.0,0.0,0.0,0.0,0.0,0.0,90.0,0.0,0
YU8270,1,2025-07-10,2026-01-19,193,0.0,0.0,0.0,0.0,0.0,0.0,70.0,0.0,0
YV4186,1,2025-01-09,2025-08-26,229,0.0,0.0,0.0,0.0,0.0,0.0,90.0,0.0,0
YV4852,1,2025-03-02,2025-04-27,56,0.0,0.0,0.0,0.0,0.0,0.0,85.0,0.0,0
YV8225,1,2025-07-11,2025-08-23,43,0.0,0.0,0.0,0.0,0.0,0.0,80.0,0.0,0
YW5803,1,2025-08-04,2026-03-22,230,0.0,0.0,0.0,0.0,0.0,0.0,70.0,0.0,0
YW6600,1,2025-05-06,2025-05-24,18,0.0,1.0,0.0,0.0,0.0,0.0,0.0,0.0,0
YX2134,8,2024-09-12,2025-09-23,376,0.0,1.0,0.0,0.0,0.0,0.0,65.0,0.0,1
YX2134,8,2024-09-12,2024-09-23,11,0.0,1.0,0.0,0.0,0.0,0.0,65.0,0.0,1
YX3201,2,2025-05-06,2025-07-24,79,0.0,0.0,0.0,0.0,0.0,0.0,90.0,0.0,0
YY1202,1,2025-04-02,2025-05-27,55,0.0,0.0,0.0,0.0,0.0,0.0,0.0,0.0,0
YY1244,2,2025-05-11,2025-06-21,41,0.0,0.0,0.0,0.0,0.0,0.0,90.0,0.0,0
YY1244,2,2025-05-11,2026-06-21,406,0.0,0.0,0.0,0.0,0.0,0.0,90.0,0.0,0
YY2253,1,2025-04-06,2025-10-27,204,0.0,0.0,0.0,0.0,0.0,0.0,90.0,0.0,0
YY5229,1,2025-07-03,2025-10-28,117,0.0,0.0,0.0,0.0,0.0,0.0,90.0,0.0,0
YY5427,1,2025-08-12,2026-04-19,250,0.0,0.0,0.0,0.0,0.0,0.0,80.0,0.0,0
YZ1470,2,2025-02-09,2025-03-27,46,0.0,0.0,0.0,0.0,0.0,0.0,40.0,0.0,0
YZ8649,3,2025-12-02,2025-06-20,-165,0.0,1.0,0.0,0.0,0.0,0.0,0.0,0.0,0
YZ8649,3,2025-12-02,2026-06-20,200,0.0,1.0,0.0,0.0,0.0,0.0,0.0,0.0,0
YZ9357,2,2025-07-11,2025-12-20,162,0.0,0.0,0.0,0.0,0.0,0.0,87.5,0.0,0
ZA0474,7,2025-10-12,2025-03-21,-205,0.0,0.0,0.0,0.0,0.0,0.0,78.57142857142857,0.0,1
ZA0474,7,2025-10-12,2026-03-21,160,0.0,0.0,0.0,0.0,0.0,0.0,78.57142857142857,0.0,1
ZB7355,1,2024-06-12,2025-05-29,351,0.0,0.0,0.0,0.0,0.0,0.0,85.0,0.0,0
ZC1182,1,2025-07-04,2025-10-24,112,0.0,0.0,0.0,0.0,0.0,0.0,90.0,0.0,0
ZC1669,1,2025-07-02,2026-06-19,352,0.0,0.0,0.0,0.0,0.0,0.0,70.0,0.0,0
ZC1823,1,2025-03-12,2025-09-22,194,0.0,0.0,0.0,0.0,0.0,0.0,95.0,0.0,0
ZC4691,1,2025-01-04,2025-09-22,261,0.0,0.0,0.0,0.0,0.0,0.0,85.0,0.0,0
ZC5897,1,2026-07-01,2026-07-21,20,0.0,1.0,0.0,0.0,0.0,0.0,90.0,0.0,0
ZC6436,1,2025-07-04,2026-01-19,199,0.0,0.0,0.0,0.0,0.0,0.0,80.0,0.0,0
ZC6603,4,2025-02-12,2025-06-21,129,0.0,0.0,0.0,0.0,0.0,0.0,85.0,0.0,1
ZC6603,4,2025-02-12,2026-06-21,494,0.0,0.0,0.0,0.0,0.0,0.0,85.0,0.0,1
ZD9794,4,2025-06-11,2025-09-21,102,0.0,0.0,0.0,0.0,0.0,0.0,85.0,0.0,1
ZD9794,4,2025-06-11,2026-09-21,467,0.0,0.0,0.0,0.0,0.0,0.0,85.0,0.0,1
ZE1899,1,2025-06-06,2025-11-23,170,0.0,0.0,0.0,0.0,0.0,0.0,80.0,0.0,0
ZE2138,2,2024-04-12,2025-04-23,376,0.0,1.0,0.0,0.0,0.0,0.0,90.0,0.0,0
ZE2138,2,2024-04-12,2024-04-23,11,0.0,1.0,0.0,0.0,0.0,0.0,90.0,0.0,0
ZE3039,1,2025-03-11,2025-07-23,134,0.0,0.0,0.0,0.0,0.0,0.0,80.0,0.0,0
ZE3333,2,2025-04-03,2025-06-27,85,0.0,0.0,0.0,0.0,0.0,0.0,90.0,0.0,0
ZE6325,1,2025-11-03,2025-11-24,21,0.0,1.0,0.0,0.0,0.0,0.0,85.0,0.0,0
ZE8233,4,2025-07-10,2025-09-22,74,0.0,0.0,0.0,0.0,0.0,0.0,0.0,0.0,1
ZE8233,4,2025-07-10,2024-09-22,-291,0.0,0.0,0.0,0.0,0.0,0.0,0.0,0.0,1
ZE9211,1,2025-02-09,2025-06-26,137,0.0,0.0,0.0,0.0,0.0,0.0,0.0,0.0,0
ZE9755,3,2024-02-12,2025-09-19,585,0.0,0.0,0.0,0.0,0.0,0.0,90.0,0.0,0
ZE9755,3,2024-02-12,2026-09-19,950,0.0,0.0,0.0,0.0,0.0,0.0,90.0,0.0,0
ZE9755,3,2024-02-12,2024-09-19,220,0.0,0.0,0.0,0.0,0.0,0.0,90.0,0.0,0
ZF0981,3,2026-05-01,2025-07-18,-287,0.0,0.0,0.0,0.0,0.0,0.0,86.66666666666667,0.0,0
ZF0981,3,2026-05-01,2026-07-18,78,0.0,0.0,0.0,0.0,0.0,0.0,86.66666666666667,0.0,0
ZF5107,1,2024-09-12,2025-11-27,441,0.0,0.0,0.0,0.0,0.0,0.0,90.0,0.0,0
ZF6956,2,2025-08-05,2025-09-21,47,0.0,0.0,0.0,0.0,0.0,0.0,85.0,0.0,0
ZF6956,2,2025-08-05,2026-09-21,412,0.0,0.0,0.0,0.0,0.0,0.0,85.0,0.0,0
ZG1258,2,2024-02-12,2025-02-23,377,0.0,1.0,0.0,0.0,0.0,0.0,100.0,0.0,0
ZG1258,2,2024-02-12,2024-02-24,12,0.0,1.0,0.0,0.0,0.0,0.0,100.0,0.0,0
ZG3170,1,2025-02-01,2025-06-26,145,0.0,0.0,0.0,0.0,0.0,0.0,0.0,0.0,0
ZG5560,2,2024-07-11,2025-01-19,192,0.0,0.0,0.0,0.0,0.0,0.0,0.0,0.0,0
ZG5560,2,2024-07-11,2026-01-19,557,0.0,0.0,0.0,0.0,0.0,0.0,0.0,0.0,0
ZG6268,1,2025-02-05,2025-11-26,294,0.0,0.0,0.0,0.0,0.0,0.0,0.0,0.0,0
ZG9649,2,2025-09-10,2025-10-26,46,0.0,0.0,0.0,0.0,0.0,0.0,90.0,0.0,0
ZH0450,1,2025-08-12,2025-11-25,105,0.0,0.0,0.0,0.0,0.0,0.0,80.0,0.0,0
ZH2013,4,2025-08-12,2025-08-22,10,0.0,2.0,0.0,0.0,0.0,0.0,85.0,0.0,1
ZH2013,4,2025-08-12,2026-08-22,375,0.0,2.0,0.0,0.0,0.0,0.0,85.0,0.0,1
ZH4164,2,2025-07-03,2026-11-19,504,0.0,0.0,0.0,0.0,0.0,0.0,90.0,0.0,0
ZH4164,2,2025-07-03,2025-11-19,139,0.0,0.0,0.0,0.0,0.0,0.0,90.0,0.0,0
ZH4335,2,2025-10-02,2025-11-18,47,0.0,0.0,0.0,0.0,0.0,0.0,80.0,0.0,0
ZH4335,2,2025-10-02,2026-11-18,412,0.0,0.0,0.0,0.0,0.0,0.0,80.0,0.0,0
ZH4566,1,2025-08-01,2025-10-27,87,0.0,0.0,0.0,0.0,0.0,0.0,90.0,0.0,0
ZH5066,1,2025-03-02,2025-12-22,295,0.0,0.0,0.0,0.0,0.0,0.0,90.0,0.0,0
ZH8953,2,2025-03-10,2025-09-17,191,0.0,0.0,0.0,0.0,0.0,0.0,0.0,0.0,0
ZH8953,2,2025-03-10,2026-09-17,556,0.0,0.0,0.0,0.0,0.0,0.0,0.0,0.0,0
ZI0012,1,2025-10-11,2026-03-18,158,0.0,0.0,0.0,0.0,0.0,0.0,0.0,0.0,0
ZI2892,6,2026-06-01,2025-11-19,-194,0.0,0.0,0.0,0.0,0.0,0.0,83.33333333333333,0.0,1
ZI2892,6,2026-06-01,2026-11-19,171,0.0,0.0,0.0,0.0,0.0,0.0,83.33333333333333,0.0,1
ZI2892,6,2026-06-01,2024-11-19,-559,0.0,0.0,0.0,0.0,0.0,0.0,83.33333333333333,0.0,1
ZI4603,2,2025-07-04,2025-07-22,18,0.0,1.0,0.0,0.0,0.0,0.0,0.0,0.0,0
ZI4603,2,2025-07-04,2026-07-22,383,0.0,1.0,0.0,0.0,0.0,0.0,0.0,0.0,0
ZJ0177,2,2025-08-01,2026-11-19,475,0.0,0.0,0.0,0.0,0.0,0.0,90.0,0.0,0
ZJ0177,2,2025-08-01,2025-11-19,110,0.0,0.0,0.0,0.0,0.0,0.0,90.0,0.0,0
ZJ4059,3,2024-05-12,2025-10-22,528,0.0,0.0,0.0,0.0,0.0,0.0,80.0,0.0,0
ZJ4059,3,2024-05-12,2026-10-22,893,0.0,0.0,0.0,0.0,0.0,0.0,80.0,0.0,0
ZJ4059,3,2024-05-12,2024-10-22,163,0.0,0.0,0.0,0.0,0.0,0.0,80.0,0.0,0
ZJ4340,2,2025-06-10,2025-09-22,104,0.0,0.0,0.0,0.0,0.0,0.0,90.0,0.0,0
ZJ8551,4,2025-02-10,2025-05-22,101,0.0,0.0,0.0,0.0,0.0,0.0,45.0,0.0,1
ZJ8551,4,2025-02-10,2026-05-22,466,0.0,0.0,0.0,0.0,0.0,0.0,45.0,0.0,1
ZJ8699,4,2025-05-11,2025-10-27,169,0.0,0.0,0.0,0.0,0.0,0.0,45.0,0.0,1
ZJ8699,4,2025-05-11,2024-10-27,-196,0.0,0.0,0.0,0.0,0.0,0.0,45.0,0.0,1
ZK7521,1,2024-10-12,2025-02-23,134,0.0,0.0,0.0,0.0,0.0,0.0,90.0,0.0,0
ZL0628,3,2026-05-01,2025-05-22,-344,0.0,1.0,0.0,0.0,0.0,0.0,88.33333333333333,0.0,0
ZL0628,3,2026-05-01,2026-05-22,21,0.0,1.0,0.0,0.0,0.0,0.0,88.33333333333333,0.0,0
ZL1314,1,2025-03-01,2025-09-18,201,0.0,0.0,0.0,0.0,0.0,0.0,80.0,0.0,0
ZL1794,1,2025-01-10,2025-04-24,104,0.0,0.0,0.0,0.0,0.0,0.0,70.0,0.0,0
ZL7423,2,2025-10-11,2025-10-29,18,0.0,1.0,0.0,0.0,0.0,0.0,75.0,0.0,0
ZM2135,2,2025-04-11,2025-04-26,15,0.0,1.0,0.0,0.0,0.0,0.0,80.0,0.0,0
ZM2523,1,2025-02-09,2025-08-27,199,0.0,0.0,0.0,0.0,0.0,0.0,80.0,0.0,0
ZM3688,3,2024-02-12,2025-09-18,584,0.0,0.0,0.0,0.0,0.0,0.0,85.0,0.0,0
ZM3688,3,2024-02-12,2026-09-18,949,0.0,0.0,0.0,0.0,0.0,0.0,85.0,0.0,0
ZM3688,3,2024-02-12,2024-09-18,219,0.0,0.0,0.0,0.0,0.0,0.0,85.0,0.0,0
ZM3719,2,2024-08-11,2025-05-21,283,0.0,0.0,0.0,0.0,0.0,0.0,0.0,0.0,0
ZM3719,2,2024-08-11,2026-05-21,648,0.0,0.0,0.0,0.0,0.0,0.0,0.0,0.0,0
ZM5520,1,2025-02-09,2025-06-26,137,0.0,0.0,0.0,0.0,0.0,0.0,90.0,0.0,0
ZN1632,1,2024-12-11,2025-10-28,321,0.0,0.0,0.0,0.0,0.0,0.0,90.0,0.0,0
ZN9224,1,2025-02-10,2025-10-23,255,0.0,0.0,0.0,0.0,0.0,0.0,60.0,0.0,0
ZO2871,2,2025-07-03,2025-10-29,118,0.0,0.0,0.0,0.0,0.0,0.0,80.0,0.0,0
ZO3368,1,2025-01-05,2025-11-27,326,0.0,0.0,0.0,0.0,0.0,0.0,80.0,0.0,0
ZO4624,1,2025-02-05,2025-08-22,198,0.0,0.0,0.0,0.0,0.0,0.0,0.0,0.0,0
ZO7436,3,2024-12-12,2025-06-26,196,0.0,0.0,0.0,0.0,0.0,0.0,86.66666666666667,0.0,0
ZO7436,3,2024-12-12,2024-06-26,-169,0.0,0.0,0.0,0.0,0.0,0.0,86.66666666666667,0.0,0
ZP3004,1,2025-04-08,2025-04-26,18,0.0,1.0,0.0,0.0,0.0,0.0,90.0,0.0,0
ZQ9705,2,2025-01-04,2025-04-20,106,0.0,0.0,0.0,0.0,0.0,0.0,80.0,0.0,0
ZQ9705,2,2025-01-04,2026-04-20,471,0.0,0.0,0.0,0.0,0.0,0.0,80.0,0.0,0
ZR1577,1,2025-03-06,2025-06-24,110,0.0,0.0,0.0,0.0,0.0,0.0,70.0,0.0,0
ZR3358,2,2025-07-01,2025-12-21,173,0.0,0.0,0.0,0.0,0.0,0.0,70.0,0.0,0
ZR4314,1,2024-08-11,2024-12-25,136,0.0,0.0,0.0,0.0,0.0,0.0,0.0,0.0,0
ZS2692,1,2025-10-12,2026-09-21,344,0.0,0.0,0.0,0.0,0.0,0.0,70.0,0.0,0
ZS3801,1,2025-11-12,2026-07-22,252,0.0,0.0,0.0,0.0,0.0,0.0,80.0,0.0,0
ZT0111,4,2025-09-10,2025-11-19,70,0.0,0.0,0.0,0.0,0.0,0.0,87.5,0.0,1
ZT0111,4,2025-09-10,2026-11-19,435,0.0,0.0,0.0,0.0,0.0,0.0,87.5,0.0,1
ZT2215,2,2024-05-11,2026-03-19,677,0.0,0.0,0.0,0.0,0.0,0.0,80.0,0.0,0
ZT2215,2,2024-05-11,2025-03-19,312,0.0,0.0,0.0,0.0,0.0,0.0,80.0,0.0,0
ZT2469,1,2025-05-02,2025-08-27,117,0.0,0.0,0.0,0.0,0.0,0.0,90.0,0.0,0
ZT9344,2,2025-03-03,2025-09-21,202,0.0,0.0,0.0,0.0,0.0,0.0,100.0,0.0,0
ZT9344,2,2025-03-03,2026-09-21,567,0.0,0.0,0.0,0.0,0.0,0.0,100.0,0.0,0
ZU6393,1,2025-02-01,2025-06-22,141,0.0,0.0,0.0,0.0,0.0,0.0,80.0,0.0,0
ZV0107,3,2024-01-11,2025-02-16,402,0.0,0.0,0.0,0.0,0.0,0.0,0.0,0.0,0
ZV0107,3,2024-01-11,2026-02-16,767,0.0,0.0,0.0,0.0,0.0,0.0,0.0,0.0,0
ZV0107,3,2024-01-11,2024-02-17,37,0.0,0.0,0.0,0.0,0.0,0.0,0.0,0.0,0
ZV0582,1,2025-08-04,2025-09-23,50,0.0,0.0,0.0,0.0,0.0,0.0,0.0,0.0,0
ZV1532,1,2025-06-05,2025-07-23,48,0.0,0.0,0.0,0.0,0.0,0.0,80.0,0.0,0
ZX5144,5,2025-04-03,2025-07-26,114,0.0,0.0,0.0,0.0,0.0,0.0,86.0,0.0,1
ZX5144,5,2025-04-03,2024-07-26,-251,0.0,0.0,0.0,0.0,0.0,0.0,86.0,0.0,1
ZX5619,4,2024-06-11,2025-06-27,381,0.0,2.0,0.0,0.0,0.0,0.0,80.0,0.0,1
ZX5619,4,2024-06-11,2024-06-27,16,0.0,2.0,0.0,0.0,0.0,0.0,80.0,0.0,1
ZX6091,5,2025-06-10,2025-09-18,100,0.0,0.0,0.0,0.0,0.0,0.0,36.0,0.0,1
ZX6091,5,2025-06-10,2026-09-18,465,0.0,0.0,0.0,0.0,0.0,0.0,36.0,0.0,1
ZX6091,5,2025-06-10,2024-09-18,-265,0.0,0.0,0.0,0.0,0.0,0.0,36.0,0.0,1
ZX8464,1,2025-12-11,2026-07-19,220,0.0,0.0,0.0,0.0,0.0,0.0,90.0,0.0,0
ZY5536,2,2025-06-10,2025-10-19,131,0.0,0.0,0.0,0.0,0.0,0.0,0.0,0.0,0
ZY5536,2,2025-06-10,2026-10-19,496,0.0,0.0,0.0,0.0,0.0,0.0,0.0,0.0,0
ZY9171,1,2025-03-06,2025-05-24,79,0.0,0.0,0.0,0.0,0.0,0.0,80.0,0.0,0
ZY9351,1,2024-12-12,2025-10-23,315,0.0,0.0,0.0,0.0,0.0,0.0,80.0,0.0,0
ZZ1343,1,2025-09-07,2025-10-28,51,0.0,0.0,0.0,0.0,0.0,0.0,80.0,0.0,0
ZZ3920,2,2024-04-12,2025-03-22,344,0.0,0.0,0.0,0.0,0.0,0.0,85.0,0.0,0
ZZ3920,2,2024-04-12,2026-03-22,709,0.0,0.0,0.0,0.0,0.0,0.0,85.0,0.0,0
ZZ5565,1,2025-03-09,2025-11-27,263,0.0,0.0,0.0,0.0,0.0,0.0,80.0,0.0,0
ZZ6043,2,2025-01-12,2025-11-17,309,0.0,0.0,0.0,0.0,0.0,0.0,100.0,0.0,0
ZZ6043,2,2025-01-12,2026-11-17,674,0.0,0.0,0.0,0.0,0.0,0.0,100.0,0.0,0
ZZ6999,6,2025-10-11,2026-05-20,221,0.0,2.0,0.0,0.0,0.0,0.0,85.0,0.0,1
ZZ6999,6,2025-10-11,2025-05-20,-144,0.0,2.0,0.0,0.0,0.0,0.0,85.0,0.0,1
ZZ6999,6,2025-10-11,2024-05-20,-509,0.0,2.0,0.0,0.0,0.0,0.0,85.0,0.0,1
ZZ8705,1,2025-02-04,2025-11-23,292,0.0,0.0,0.0,0.0,0.0,0.0,90.0,0.0,0
